prediction_id,captured_at_utc,p5_place2_prob,p5_place5_prob,p5_place6_prob,race_date,race_time,race_datetime,course,race_name,horse,field_size,market_odds,p4_odds,raw_odds,market_rank,p4_rank,raw_rank,p5_win_rank,p5_place_rank,p5_place4_rank,p5_finish_rank,p5_ml_win_rank,p5_ml_place_rank,p5_ml_place4_rank,p5_win_prob,p5_place3_prob,p5_place4_prob,p5_beaten_prob,p5_ml_win_prob,p5_ml_place3_prob,p5_ml_place4_prob,p5_ml_beaten_prob,market_win_prob,market_place3_prob,market_place4_prob,p5_win_edge_pp,p5_place_edge_pp,p5_place4_edge_pp,p5_lay_edge_pp,p5_ml_win_edge_pp,p5_ml_place_edge_pp,p5_ml_place4_edge_pp,p5_ml_lay_edge_pp,p5_blend_alpha_win,p5_blend_alpha_place3,p5_blend_alpha_place4,p5_blend_alpha_lay,p5_confidence,data_coverage,feature_missing_fraction,optimal_trip_f,effective_trip_f,trip_delta_f,trip_fit_score,trip_fit_confidence,pace_pressure,pace_setup_fit,course_pace_setup_fit,last_run_trouble_score,last_run_reliability,is_second_up,trainer_layoff_market_residual,course_effective_demand_pct,signal,shadow_actionable,reason_codes,p5_ew_ev,p4_shortlist_type,extra_places,extra_place_bookmakers,bf_back_odds,bf_lay_odds,bf_lay_size,p5_model_version,p5_decision_version,p5_training_cutoff,bundle_age_days,bundle_stale,status,context_notes,run_id
e048904a85678eedd2d1eb08,2026-09-30T08:22:46+00:00,0.891946,,,2026-09-30,13:38,2026-09-30 13:38,Musselburgh,British EBF Novice Stakes (GBB Race),Sod Hall Lane,3,1.14,1.46,1.8,1,1,1,1,1,1,1,1,1,1,0.783892,1.0,1.0,0.216108,0.792204,1.0,1.0,0.046686,0.783892,1.0,1.0,0.0,0.0,0.0,0.0,0.831,0.0,0.0,-16.942,0.0,0.5,0.65,0.0,100.0,62.5,0.0308,5.05,4.9,-0.16,0.997,0.333,1.082,0.117,0.163,0.0,1.0,False,0.0014,-2.15,NO BET,False,['low_data_coverage'],,,0.0,[],,,,2026.09.05-p5.5-coherent-complete-fields,2026.09.05-place-evidence-v4-fresh-offers,2026-09-17,13,False,SHADOW_ONLY,"['trip 100% (-0.2f)', 'genuine pace']",20260930_085138
f977c0538b09bd21578e77c8,2026-09-30T08:22:46+00:00,0.599293,,,2026-09-30,13:38,2026-09-30 13:38,Musselburgh,British EBF Novice Stakes (GBB Race),Sable Noir,3,4.5,3.7,3.43,2,2,2,2,1,1,2,2,1,1,0.198586,1.0,1.0,0.801414,0.189332,1.0,1.0,0.843759,0.198586,1.0,1.0,0.0,0.0,0.0,0.0,-0.925,0.0,0.0,4.235,0.0,0.5,0.65,0.0,88.62,50.0,0.0623,4.91,4.9,-0.02,1.0,0.333,1.082,0.117,0.163,0.0,1.0,True,-0.0067,-2.15,NO BET,False,['low_data_coverage'],,,0.0,[],,,,2026.09.05-p5.5-coherent-complete-fields,2026.09.05-place-evidence-v4-fresh-offers,2026-09-17,13,False,SHADOW_ONLY,"['trip 100% (-0.0f)', 'genuine pace', 'second run back']",20260930_085138
f7c91fe1b465696e18225c5f,2026-09-30T08:22:46+00:00,0.508761,,,2026-09-30,13:38,2026-09-30 13:38,Musselburgh,British EBF Novice Stakes (GBB Race),Just For Monty,3,51.0,21.53,6.51,3,3,3,3,1,1,3,3,1,1,0.017522,1.0,1.0,0.982478,0.018463,1.0,1.0,0.907231,0.017522,1.0,1.0,0.0,0.0,0.0,0.0,0.094,0.0,0.0,-7.525,0.0,0.5,0.65,0.0,88.62,50.0,0.0623,5.61,4.9,-0.71,0.939,0.333,1.082,0.024,-0.13,0.0,1.0,False,-0.0119,-2.15,NO BET,False,['low_data_coverage'],,,0.0,[],,,,2026.09.05-p5.5-coherent-complete-fields,2026.09.05-place-evidence-v4-fresh-offers,2026-09-17,13,False,SHADOW_ONLY,"['trip 94% (-0.7f)', 'genuine pace']",20260930_085138
9e3239ba03fa8253d2cb99a2,2026-09-30T08:22:46+00:00,0.727502,0.999567,1.0,2026-09-30,13:57,2026-09-30 13:57,Catterick,Racing To School Nursery,Duchess Of Immatin,6,1.8,2.12,2.11,1,1,1,1,1,1,1,1,1,1,0.48942,0.965584,0.997624,0.51058,0.474843,0.978107,1.0,0.462907,0.48942,0.95306,0.993211,0.0,1.252,0.441,-0.0,-1.458,2.505,0.679,-4.767,0.0,0.5,0.65,0.0,95.7,75.0,0.0647,5.63,5.94,0.32,0.987,0.5,0.746,0.096,0.217,0.0,1.0,False,-0.0179,-0.33,NO BET,False,"['no_genuine_four_place_terms', 'no_dual_p4_raw_value']",,,0.0,[],,,,2026.09.05-p5.5-coherent-complete-fields,2026.09.05-place-evidence-v4-fresh-offers,2026-09-17,13,False,SHADOW_ONLY,"['trip 99% (+0.3f)', 'steady pace']",20260930_085138
864aae3b925ab9b5a7efc59d,2026-09-30T08:22:46+00:00,0.602934,0.997947,1.0,2026-09-30,13:57,2026-09-30 13:57,Catterick,Racing To School Nursery,Bladey Lady,6,2.88,3.8,4.01,2,2,2,2,2,2,2,2,2,1,0.305887,0.899981,0.992161,0.694113,0.318819,0.911876,1.0,0.747031,0.305887,0.888087,0.977603,0.0,1.189,1.456,0.0,1.293,2.379,2.24,5.292,0.0,0.5,0.65,0.0,85.7,100.0,0.0647,5.92,5.94,0.02,1.0,1.0,0.746,-0.01,0.0,0.0,1.0,False,-0.0058,-0.33,NO BET,False,"['no_genuine_four_place_terms', 'no_dual_p4_raw_value']",,,0.0,[],3.75,4.4,22.0,2026.09.05-p5.5-coherent-complete-fields,2026.09.05-place-evidence-v4-fresh-offers,2026-09-17,13,False,SHADOW_ONLY,"['trip 100% (+0.0f)', 'steady pace']",20260930_085138
1102fde4189c170de107ab86,2026-09-30T08:22:46+00:00,0.282186,0.951286,1.0,2026-09-30,13:57,2026-09-30 13:57,Catterick,Racing To School Nursery,Baila Morena,6,10.0,8.21,7.61,3,3,3,3,3,3,3,3,3,3,0.088096,0.476276,0.779862,0.911904,0.091862,0.464897,0.779183,0.889854,0.088096,0.487655,0.781122,0.0,-1.138,-0.126,-0.0,0.377,-2.276,-0.194,-2.205,0.0,0.5,0.65,0.0,85.24,100.0,0.0732,5.81,5.94,0.13,0.998,0.833,0.746,-0.026,0.0,0.0,1.0,True,0.0097,-0.33,NO BET,False,['no_genuine_four_place_terms'],,,0.0,[],9.0,590.0,11.92,2026.09.05-p5.5-coherent-complete-fields,2026.09.05-place-evidence-v4-fresh-offers,2026-09-17,13,False,SHADOW_ONLY,"['trip 100% (+0.1f)', 'steady pace', 'second run back']",20260930_085138
0d91f031a7b6826f6e4b3828,2026-09-30T08:22:46+00:00,0.226925,0.930437,1.0,2026-09-30,13:57,2026-09-30 13:57,Catterick,Racing To School Nursery,Johns Power,6,12.0,14.48,14.46,4,4,4,4,4,4,4,4,4,4,0.073413,0.380437,0.665148,0.926587,0.062581,0.346944,0.634033,0.906158,0.073413,0.413929,0.722933,0.0,-3.349,-5.779,-0.0,-1.083,-6.699,-8.89,-2.043,0.0,0.5,0.65,0.0,86.17,100.0,0.0562,5.62,5.94,0.33,0.987,1.0,0.746,-0.106,-0.163,0.0,1.0,False,0.0062,-0.33,NO BET,False,"['no_genuine_four_place_terms', 'no_dual_p4_raw_value']",,,0.0,[],7.2,240.0,10.41,2026.09.05-p5.5-coherent-complete-fields,2026.09.05-place-evidence-v4-fresh-offers,2026-09-17,13,False,SHADOW_ONLY,"['trip 99% (+0.3f)', 'steady pace']",20260930_085138
c58d2160b30f0f96e6359483,2026-09-30T08:22:46+00:00,0.095073,0.657582,1.0,2026-09-30,13:57,2026-09-30 13:57,Catterick,Racing To School Nursery,Purrista,6,34.0,24.28,25.68,5,5,5,5,5,5,5,5,5,5,0.02591,0.164236,0.334187,0.97409,0.035296,0.174622,0.346137,0.922132,0.02591,0.15385,0.311994,0.0,1.039,2.219,0.0,0.939,2.077,3.414,-5.196,0.0,0.5,0.65,0.0,86.64,100.0,0.0478,5.18,5.94,0.76,0.93,0.833,0.746,-0.074,-0.13,0.0,1.0,False,-0.0246,-0.33,NO BET,False,['no_genuine_four_place_terms'],,,0.0,[],14.0,600.0,12.58,2026.09.05-p5.5-coherent-complete-fields,2026.09.05-place-evidence-v4-fresh-offers,2026-09-17,13,False,SHADOW_ONLY,"['trip 93% (+0.8f)', 'steady pace']",20260930_085138
245a5667d5bd2b34d6d57fa4,2026-09-30T08:22:46+00:00,0.06538,0.463181,1.0,2026-09-30,13:57,2026-09-30 13:57,Catterick,Racing To School Nursery,Redrosecastana,6,51.0,29.4,27.43,6,6,6,6,6,6,6,6,6,6,0.017274,0.113486,0.231019,0.982726,0.016599,0.123555,0.240647,0.927446,0.017274,0.103418,0.213137,0.0,1.007,1.788,0.0,-0.067,2.014,2.751,-5.528,0.0,0.5,0.65,0.0,86.4,75.0,0.052,5.57,5.94,0.37,0.983,0.5,0.746,-0.074,-0.13,0.0,1.0,False,0.0011,-0.33,NO BET,False,['no_genuine_four_place_terms'],,,0.0,[],,,,2026.09.05-p5.5-coherent-complete-fields,2026.09.05-place-evidence-v4-fresh-offers,2026-09-17,13,False,SHADOW_ONLY,"['trip 98% (+0.4f)', 'steady pace']",20260930_085138
061c6d7e768b54b5077f4249,2026-09-30T08:22:46+00:00,0.57664,0.970623,0.992098,2026-09-30,14:05,2026-09-30 14:05,Bellewstown,Gilna's Of Laytown Optional Claiming Maiden,Elusive Path,9,2.25,3.01,3.18,1,1,1,1,1,1,1,1,1,1,0.365347,0.787934,0.898803,0.634653,0.31228,0.764195,0.888737,0.62852,0.365347,0.811673,0.917497,0.0,-2.374,-1.869,-0.0,-5.307,-4.748,-2.876,-0.613,0.0,0.5,0.65,0.0,94.17,87.5,0.0647,7.57,7.97,0.4,0.981,0.667,1.016,-0.03,0.325,0.0,1.0,False,0.0342,0.42,NO BET,False,"['no_genuine_four_place_terms', 'no_dual_p4_raw_value']",,,0.0,[],,,,2026.09.05-p5.5-coherent-complete-fields,2026.09.05-place-evidence-v4-fresh-offers,2026-09-17,13,False,SHADOW_ONLY,"['trip 98% (+0.4f)', 'genuine pace']",20260930_085138
afcbce6ae89895f3164ce4d0,2026-09-30T08:22:46+00:00,0.425294,0.894992,0.960127,2026-09-30,14:05,2026-09-30 14:05,Bellewstown,Gilna's Of Laytown Optional Claiming Maiden,Senna's Girl,9,4.0,5.35,6.24,2,2,3,2,2,2,2,2,2,2,0.205508,0.64508,0.773173,0.794492,0.228747,0.669533,0.768256,0.853496,0.205508,0.620627,0.782303,0.0,2.445,-0.913,0.0,2.324,4.891,-1.405,5.9,0.0,0.5,0.65,0.0,84.63,100.0,0.0562,8.1,7.97,-0.14,0.998,1.0,1.016,0.01,-0.355,0.0,1.0,True,-0.0423,0.42,NO BET,False,"['no_genuine_four_place_terms', 'no_dual_p4_raw_value']",,,0.0,[],6.6,210.0,10.97,2026.09.05-p5.5-coherent-complete-fields,2026.09.05-place-evidence-v4-fresh-offers,2026-09-17,13,False,SHADOW_ONLY,"['trip 100% (-0.1f)', 'genuine pace', 'second run back']",20260930_085138
d3b4ca1279138b13686f36b0,2026-09-30T08:22:46+00:00,0.306098,0.818975,0.918695,2026-09-30,14:05,2026-09-30 14:05,Bellewstown,Gilna's Of Laytown Optional Claiming Maiden,Donna Time,9,5.5,9.58,13.7,3,5,5,3,3,3,3,3,3,4,0.14946,0.462736,0.592391,0.85054,0.142915,0.424413,0.547814,0.911932,0.14946,0.501058,0.675178,0.0,-3.832,-8.279,0.0,-0.655,-7.665,-12.736,6.139,0.0,0.5,0.65,0.0,80.14,87.5,0.0774,9.34,7.97,-1.38,0.789,0.667,1.016,-0.024,0.193,0.0,1.0,False,0.0358,0.42,NO BET,False,"['no_genuine_four_place_terms', 'no_dual_p4_raw_value']",,,0.0,[],,,,2026.09.05-p5.5-coherent-complete-fields,2026.09.05-place-evidence-v4-fresh-offers,2026-09-17,13,False,SHADOW_ONLY,"['trip 79% (-1.4f)', 'genuine pace']",20260930_085138
c46cd9521c7be8bddadd1721,2026-09-30T08:22:46+00:00,0.211574,0.615895,0.773075,2026-09-30,14:05,2026-09-30 14:05,Bellewstown,Gilna's Of Laytown Optional Claiming Maiden,Borora Aura,9,10.0,7.98,5.4,4,3,2,4,4,4,4,4,4,3,0.082203,0.340946,0.51906,0.917797,0.101939,0.377272,0.555075,0.891794,0.082203,0.304619,0.452175,0.0,3.633,6.688,0.0,1.974,7.265,10.29,-2.6,0.0,0.5,0.65,0.0,83.9,100.0,0.0393,9.38,7.97,-1.42,0.777,1.0,1.016,-0.001,0.509,0.0,1.0,False,0.032,0.42,NO BET,False,['no_genuine_four_place_terms'],,,0.0,[],10.5,600.0,15.65,2026.09.05-p5.5-coherent-complete-fields,2026.09.05-place-evidence-v4-fresh-offers,2026-09-17,13,False,SHADOW_ONLY,"['trip 78% (-1.4f)', 'genuine pace']",20260930_085138
dc1709521e3ca6ba8c100eb4,2026-09-30T08:22:46+00:00,0.192273,0.579487,0.741658,2026-09-30,14:05,2026-09-30 14:05,Bellewstown,Gilna's Of Laytown Optional Claiming Maiden,Storzando,9,11.0,9.46,7.21,5,4,4,5,5,5,5,5,5,5,0.07473,0.309817,0.467664,0.92527,0.092859,0.340005,0.493972,0.87654,0.07473,0.279629,0.418807,0.0,3.019,4.886,0.0,1.813,6.038,7.516,-4.873,0.0,0.5,0.65,0.0,83.43,100.0,0.0478,8.96,7.97,-0.99,0.884,1.0,1.016,0.005,-0.093,0.34,0.66,False,0.0241,0.42,NO BET,False,['no_genuine_four_place_terms'],,,0.0,[],7.2,240.0,10.19,2026.09.05-p5.5-coherent-complete-fields,2026.09.05-place-evidence-v4-fresh-offers,2026-09-17,13,False,SHADOW_ONLY,"['trip 88% (-1.0f)', 'genuine pace', 'last run compromised']",20260930_085138
d5ea029dc2092dca3bf87261,2026-09-30T08:22:46+00:00,0.096822,0.350408,0.498423,2026-09-30,14:05,2026-09-30 14:05,Bellewstown,Gilna's Of Laytown Optional Claiming Maiden,Fan Club,9,21.0,23.96,31.45,6,7,7,6,6,6,6,7,6,6,0.039144,0.1545,0.282801,0.960856,0.042558,0.156102,0.307046,0.91954,0.039144,0.152899,0.237774,0.0,0.16,4.503,0.0,0.341,0.32,6.927,-4.132,0.0,0.5,0.65,0.0,81.1,87.5,0.0901,8.2,7.97,-0.23,0.993,0.167,1.016,0.0,0.0,0.18,0.82,False,-0.0162,0.42,NO BET,False,"['no_genuine_four_place_terms', 'no_dual_p4_raw_value']",,,0.0,[],,,,2026.09.05-p5.5-coherent-complete-fields,2026.09.05-place-evidence-v4-fresh-offers,2026-09-17,13,False,SHADOW_ONLY,"['trip 99% (-0.2f)', 'genuine pace']",20260930_085138
82a052ac082f2177e2fbdbd7,2026-09-30T08:22:46+00:00,0.09654,0.350408,0.498423,2026-09-30,14:05,2026-09-30 14:05,Bellewstown,Gilna's Of Laytown Optional Claiming Maiden,Tyraxes,9,21.0,22.83,26.03,6,6,6,6,7,7,7,6,7,7,0.039144,0.153935,0.262197,0.960856,0.052156,0.154971,0.275348,0.917656,0.039144,0.152899,0.237774,0.0,0.104,2.442,0.0,1.301,0.207,3.757,-4.32,0.0,0.5,0.65,0.0,82.04,100.0,0.0732,9.82,7.97,-1.86,0.668,1.0,1.016,-0.012,-0.072,0.0,1.0,False,0.037,0.42,NO BET,False,"['no_genuine_four_place_terms', 'no_dual_p4_raw_value']",,,0.0,[],12.0,600.0,14.05,2026.09.05-p5.5-coherent-complete-fields,2026.09.05-place-evidence-v4-fresh-offers,2026-09-17,13,False,SHADOW_ONLY,"['trip 67% (-1.9f)', 'genuine pace']",20260930_085138
84bb4d89cf4200053f4f247b,2026-09-30T08:22:46+00:00,0.06172,0.26342,0.384428,2026-09-30,14:05,2026-09-30 14:05,Bellewstown,Gilna's Of Laytown Optional Claiming Maiden,Mr Mercury,9,29.0,30.0,36.9,8,8,9,8,8,8,8,8,8,8,0.028346,0.095094,0.123334,0.971654,0.017458,0.078128,0.094974,0.932311,0.028346,0.112061,0.176003,0.0,-1.697,-5.267,0.0,-1.089,-3.393,-8.103,-3.934,0.0,0.5,0.65,0.0,82.81,50.0,0.0895,7.52,7.97,0.44,0.976,0.333,1.016,0.004,-0.163,0.0,1.0,False,-0.0172,0.42,NO BET,False,['low_data_coverage'],,,0.0,[],,,,2026.09.05-p5.5-coherent-complete-fields,2026.09.05-place-evidence-v4-fresh-offers,2026-09-17,13,False,SHADOW_ONLY,"['trip 98% (+0.4f)', 'genuine pace']",20260930_085138
a3c7d26297c38c092ca99303,2026-09-30T08:22:46+00:00,0.033038,0.155793,0.233075,2026-09-30,14:05,2026-09-30 14:05,Bellewstown,Gilna's Of Laytown Optional Claiming Maiden,Fay Og,9,51.0,37.79,32.23,9,9,8,9,9,9,9,9,9,9,0.016118,0.049959,0.080577,0.983882,0.009088,0.035382,0.068779,0.93459,0.016118,0.064535,0.102488,0.0,-1.458,-2.191,0.0,-0.703,-2.915,-3.371,-4.929,0.0,0.5,0.65,0.0,82.34,75.0,0.098,11.56,7.97,-3.6,0.822,0.667,1.016,0.003,0.0,0.0,1.0,True,-0.0099,0.42,NO BET,False,['no_genuine_four_place_terms'],,,0.0,[],,,,2026.09.05-p5.5-coherent-complete-fields,2026.09.05-place-evidence-v4-fresh-offers,2026-09-17,13,False,SHADOW_ONLY,"['trip 82% (-3.6f)', 'genuine pace', 'second run back']",20260930_085138
b5e001881d959e500e8127fb,2026-09-30T08:22:46+00:00,0.508251,0.958009,1.0,2026-09-30,14:13,2026-09-30 14:13,Musselburgh,Weatherbys Racing Bank Selling Stakes,Walsingham,6,3.0,3.68,4.08,1,1,1,1,1,1,1,1,1,1,0.279011,0.73749,0.876026,0.720989,0.289655,0.759863,0.883059,0.772067,0.279011,0.715117,0.862965,0.0,2.237,1.306,0.0,1.064,4.475,2.009,5.108,0.0,0.5,0.65,0.0,93.0,100.0,0.0478,8.14,8.8,0.66,0.947,1.0,0.529,-0.263,-0.25,0.0,1.0,False,-0.0088,-1.6,NO BET,False,"['no_genuine_four_place_terms', 'no_dual_p4_raw_value']",,,0.0,[],,,,2026.09.05-p5.5-coherent-complete-fields,2026.09.05-place-evidence-v4-fresh-offers,2026-09-17,13,False,SHADOW_ONLY,"['trip 95% (+0.7f)', 'steady pace']",20260930_085138
b10e55b72136416971ea7873,2026-09-30T08:22:46+00:00,0.394707,0.920168,1.0,2026-09-30,14:13,2026-09-30 14:13,Musselburgh,Weatherbys Racing Bank Selling Stakes,Nostrum,6,4.0,9.52,21.29,2,5,6,2,2,3,3,3,3,3,0.209258,0.580156,0.732468,0.790742,0.185112,0.550691,0.705107,0.872739,0.209258,0.609622,0.783282,0.0,-2.947,-5.081,0.0,-2.415,-5.893,-7.817,8.2,0.0,0.5,0.65,0.0,76.83,100.0,0.069,7.41,8.8,1.4,0.784,1.0,0.529,-0.192,-0.217,0.0,1.0,False,0.0137,-1.6,NO BET,False,"['no_genuine_four_place_terms', 'no_dual_p4_raw_value']",,,0.0,[],,,,2026.09.05-p5.5-coherent-complete-fields,2026.09.05-place-evidence-v4-fresh-offers,2026-09-17,13,False,SHADOW_ONLY,"['trip 78% (+1.4f)', 'steady pace']",20260930_085138
f3532671a870c069cb562678,2026-09-30T08:22:46+00:00,0.375633,0.898781,1.0,2026-09-30,14:13,2026-09-30 14:13,Musselburgh,Weatherbys Racing Bank Selling Stakes,The Stone Power,6,4.5,4.73,4.76,3,2,3,3,3,2,2,2,2,2,0.186007,0.565259,0.751747,0.813993,0.202319,0.565995,0.75563,0.841882,0.186007,0.564523,0.744536,0.0,0.074,0.721,0.0,1.631,0.147,1.109,2.789,0.0,0.5,0.65,0.0,82.07,100.0,0.0647,8.13,8.8,0.67,0.945,0.833,0.529,0.048,0.13,0.0,1.0,False,-0.0075,-1.6,NO BET,False,"['no_genuine_four_place_terms', 'no_dual_p4_raw_value']",,,0.0,[],5.9,70.0,10.4,2026.09.05-p5.5-coherent-complete-fields,2026.09.05-place-evidence-v4-fresh-offers,2026-09-17,13,False,SHADOW_ONLY,"['trip 94% (+0.7f)', 'steady pace']",20260930_085138
211f2e2bd3d16871e1986861,2026-09-30T08:22:46+00:00,0.27937,0.805344,1.0,2026-09-30,14:13,2026-09-30 14:13,Musselburgh,Weatherbys Racing Bank Selling Stakes,Kaleido,6,6.5,6.15,5.9,4,4,4,4,4,4,4,4,4,4,0.128774,0.429965,0.613417,0.871226,0.124824,0.431951,0.616966,0.881188,0.128774,0.427979,0.606824,0.0,0.199,0.659,0.0,-0.395,0.397,1.014,0.996,0.0,0.5,0.65,0.0,82.07,100.0,0.0647,8.04,8.8,0.76,0.93,1.0,0.529,-0.202,-0.108,0.0,1.0,False,-0.011,-1.6,NO BET,False,['no_genuine_four_place_terms'],,,0.0,[],4.8,240.0,10.07,2026.09.05-p5.5-coherent-complete-fields,2026.09.05-place-evidence-v4-fresh-offers,2026-09-17,13,False,SHADOW_ONLY,"['trip 93% (+0.8f)', 'steady pace']",20260930_085138
c78dc57842f30e8c8fedc44e,2026-09-30T08:22:46+00:00,0.227289,0.708849,1.0,2026-09-30,14:13,2026-09-30 14:13,Musselburgh,Weatherbys Racing Bank Selling Stakes,Priapos,6,8.5,5.83,4.19,5,3,2,5,5,6,5,5,5,6,0.098474,0.356103,0.510011,0.901526,0.100421,0.370827,0.514758,0.882744,0.098474,0.34138,0.501197,0.0,1.472,0.881,0.0,0.195,2.945,1.356,-1.878,0.0,0.5,0.65,0.0,78.0,100.0,0.0478,7.5,8.8,1.3,0.809,1.0,0.529,-0.168,-0.173,0.0,1.0,False,0.0149,-1.6,NO BET,False,['no_genuine_four_place_terms'],,,0.0,[],6.6,240.0,10.15,2026.09.05-p5.5-coherent-complete-fields,2026.09.05-place-evidence-v4-fresh-offers,2026-09-17,13,False,SHADOW_ONLY,"['trip 81% (+1.3f)', 'steady pace']",20260930_085138
c6150da7a6296a6c1096f688,2026-09-30T08:22:46+00:00,0.214751,0.708849,1.0,2026-09-30,14:13,2026-09-30 14:13,Musselburgh,Weatherbys Racing Bank Selling Stakes,Humble Spark,6,8.5,12.87,11.21,5,6,5,5,6,5,6,6,6,5,0.098474,0.331027,0.516331,0.901526,0.097668,0.320674,0.52448,0.876097,0.098474,0.34138,0.501197,0.0,-1.035,1.513,0.0,-0.081,-2.071,2.328,-2.543,0.0,0.5,0.65,0.0,83.93,100.0,0.0308,13.06,8.8,-4.26,0.208,1.0,0.529,-0.276,-0.35,0.22,0.78,False,0.0246,-1.6,NO BET,False,"['no_genuine_four_place_terms', 'no_dual_p4_raw_value']",,,0.0,[],,,,2026.09.05-p5.5-coherent-complete-fields,2026.09.05-place-evidence-v4-fresh-offers,2026-09-17,13,False,SHADOW_ONLY,"['trip 21% (-4.3f)', 'steady pace']",20260930_085138
4662c56cb6ec68af77c1f3af,2026-09-30T08:22:46+00:00,0.75,,,2026-09-30,14:20,2026-09-30 14:20,Sligo,Irish Stallion Farms EBF Mares Beginners Chase,Sixandahalf,3,1.8,4.58,6.51,1,3,3,1,1,1,1,1,1,1,0.5,1.0,1.0,0.5,0.492825,1.0,1.0,0.490511,0.5,1.0,1.0,0.0,0.0,0.0,-0.0,-0.717,0.0,0.0,-0.949,0.0,0.5,0.65,0.0,74.7,87.5,0.0895,17.91,17.74,-0.17,0.998,0.667,1.753,0.201,0.0,0.0,1.0,False,-0.0141,0.26,NO BET,False,"['no_genuine_four_place_terms', 'no_dual_p4_raw_value']",,,0.0,[],,,,2026.09.05-p5.5-coherent-complete-fields,2026.09.05-place-evidence-v4-fresh-offers,2026-09-17,13,False,SHADOW_ONLY,"['trip 100% (-0.2f)', 'contested pace']",20260930_085138
c737d5c2ae4ff15d5e940715,2026-09-30T08:22:46+00:00,0.7,,,2026-09-30,14:20,2026-09-30 14:20,Sligo,Irish Stallion Farms EBF Mares Beginners Chase,Amen Kate,3,2.25,2.99,3.43,2,2,2,2,1,1,2,2,1,1,0.4,1.0,1.0,0.6,0.372637,1.0,1.0,0.644056,0.4,1.0,1.0,0.0,0.0,0.0,-0.0,-2.736,0.0,0.0,4.406,0.0,0.5,0.65,0.0,81.5,87.5,0.1022,16.53,17.74,1.22,0.921,0.833,1.753,0.305,0.5,0.0,1.0,False,-0.0033,0.26,NO BET,False,"['no_genuine_four_place_terms', 'no_dual_p4_raw_value']",,,0.0,[],,,,2026.09.05-p5.5-coherent-complete-fields,2026.09.05-place-evidence-v4-fresh-offers,2026-09-17,13,False,SHADOW_ONLY,"['trip 92% (+1.2f)', 'contested pace']",20260930_085138
6ed39c6971c77e33d2b24783,2026-09-30T08:22:46+00:00,0.55,,,2026-09-30,14:20,2026-09-30 14:20,Sligo,Irish Stallion Farms EBF Mares Beginners Chase,Herja,3,9.0,2.24,1.8,3,1,1,3,1,1,3,3,1,1,0.1,1.0,1.0,0.9,0.134537,1.0,1.0,0.857433,0.1,1.0,1.0,0.0,0.0,0.0,0.0,3.454,0.0,0.0,-4.257,0.0,0.5,0.65,0.0,80.73,100.0,0.0708,19.53,17.74,-1.78,0.838,1.0,1.753,0.384,0.223,0.0,1.0,False,0.0,0.26,NO BET,False,['no_genuine_four_place_terms'],,ELO Win,0.0,[],10.0,600.0,13.61,2026.09.05-p5.5-coherent-complete-fields,2026.09.05-place-evidence-v4-fresh-offers,2026-09-17,13,False,SHADOW_ONLY,"['trip 84% (-1.8f)', 'contested pace']",20260930_085138
f01eab4e91b79d5669f02070,2026-09-30T08:22:46+00:00,0.502511,0.949461,0.988931,2026-09-30,14:32,2026-09-30 14:32,Catterick,EBF Maiden Stakes (GBB Race),Rupert The Brave,8,3.0,2.75,2.22,1,1,1,1,1,1,1,1,1,1,0.272725,0.732297,0.87937,0.727275,0.281875,0.752666,0.890097,0.755011,0.272725,0.711929,0.85945,-0.0,2.037,1.992,0.0,0.915,4.074,3.065,2.774,0.0,0.5,0.65,0.0,93.21,75.0,0.0732,7.34,7.01,-0.33,0.987,0.5,1.199,-0.007,0.225,0.0,1.0,False,0.0218,-0.25,NO BET,False,['no_genuine_four_place_terms'],,,0.0,[],,,,2026.09.05-p5.5-coherent-complete-fields,2026.09.05-place-evidence-v4-fresh-offers,2026-09-17,13,False,SHADOW_ONLY,"['trip 99% (-0.3f)', 'genuine pace']",20260930_085138
991356247fb121f028f0191a,2026-09-30T08:22:46+00:00,0.463733,0.939678,0.986087,2026-09-30,14:32,2026-09-30 14:32,Catterick,EBF Maiden Stakes (GBB Race),Gold Key,8,3.25,4.28,4.22,2,2,2,2,2,2,2,2,2,2,0.251746,0.675719,0.824703,0.748254,0.23956,0.667758,0.816703,0.757149,0.251746,0.683681,0.839558,-0.0,-0.796,-1.486,0.0,-1.219,-1.592,-2.285,0.889,0.0,0.5,0.65,0.0,82.88,50.0,0.0792,6.77,7.01,0.24,0.993,0.333,1.199,-0.039,0.33,0.0,1.0,False,-0.0067,-0.25,NO BET,False,['low_data_coverage'],,,0.0,[],,,,2026.09.05-p5.5-coherent-complete-fields,2026.09.05-place-evidence-v4-fresh-offers,2026-09-17,13,False,SHADOW_ONLY,"['trip 99% (+0.2f)', 'genuine pace']",20260930_085138
7a7a8c2cc3116b4b04b94969,2026-09-30T08:22:46+00:00,0.363551,0.884869,0.967487,2026-09-30,14:32,2026-09-30 14:32,Catterick,EBF Maiden Stakes (GBB Race),Muhandes,8,4.5,7.36,8.02,3,3,3,3,3,3,3,3,3,3,0.181817,0.545285,0.71199,0.818183,0.170742,0.528984,0.695754,0.86838,0.181817,0.561586,0.742144,-0.0,-1.63,-3.015,0.0,-1.107,-3.26,-4.639,5.02,0.0,0.5,0.65,0.0,81.72,37.5,0.1004,7.17,7.01,-0.16,0.997,0.167,1.199,0.0,0.0,0.22,0.78,False,0.0074,-0.25,NO BET,False,['low_data_coverage'],,,0.0,[],,,,2026.09.05-p5.5-coherent-complete-fields,2026.09.05-place-evidence-v4-fresh-offers,2026-09-17,13,False,SHADOW_ONLY,"['trip 100% (-0.2f)', 'genuine pace']",20260930_085138
4dcaa09935974806152e2bd8,2026-09-30T08:22:46+00:00,0.266123,0.790389,0.926601,2026-09-30,14:32,2026-09-30 14:32,Catterick,EBF Maiden Stakes (GBB Race),Olympiacos,8,6.5,11.46,32.27,4,4,6,4,4,4,4,4,4,4,0.125873,0.406372,0.560666,0.874127,0.127883,0.387985,0.535625,0.893827,0.125873,0.42476,0.60717,-0.0,-1.839,-4.65,0.0,0.201,-3.678,-7.155,1.97,0.0,0.5,0.65,0.0,75.03,0.0,0.222,,7.01,,,0.0,1.199,0.0,0.0,,,False,-0.0236,-0.25,NO BET,False,['low_data_coverage'],,,0.0,[],,,,2026.09.05-p5.5-coherent-complete-fields,2026.09.05-place-evidence-v4-fresh-offers,2026-09-17,13,False,SHADOW_ONLY,['genuine pace'],20260930_085138
ddf3007ad3ea44140074fcb3,2026-09-30T08:22:46+00:00,0.185969,0.6392,0.839821,2026-09-30,14:32,2026-09-30 14:32,Catterick,EBF Maiden Stakes (GBB Race),Alanah Bananah,8,10.0,13.16,15.24,5,5,4,5,5,5,5,5,5,5,0.081817,0.290121,0.427034,0.918183,0.081814,0.287155,0.419436,0.876324,0.081817,0.293088,0.441145,-0.0,-0.297,-1.411,0.0,-0.0,-0.593,-2.171,-4.186,0.0,0.5,0.65,0.0,81.72,37.5,0.1004,7.14,7.01,-0.13,0.998,0.167,1.199,0.0,0.0,0.0,1.0,False,0.0169,-0.25,NO BET,False,['low_data_coverage'],,,0.0,[],,,,2026.09.05-p5.5-coherent-complete-fields,2026.09.05-place-evidence-v4-fresh-offers,2026-09-17,13,False,SHADOW_ONLY,"['trip 100% (-0.1f)', 'genuine pace']",20260930_085138
5558d2b1573a6c967ff3c19c,2026-09-30T08:22:46+00:00,0.097594,0.357441,0.575591,2026-09-30,14:32,2026-09-30 14:32,Catterick,EBF Maiden Stakes (GBB Race),Corbie Rock,8,21.0,23.1,33.49,6,7,7,6,7,7,6,7,7,7,0.038961,0.156228,0.259505,0.961039,0.043239,0.165624,0.275359,0.91452,0.038961,0.146831,0.230061,-0.0,0.94,2.944,0.0,0.428,1.879,4.53,-4.652,0.0,0.5,0.65,0.0,80.77,37.5,0.0835,6.06,7.01,0.95,0.894,0.167,1.199,0.05,-0.163,0.0,1.0,False,-0.0035,-0.25,NO BET,False,['low_data_coverage'],,,0.0,[],,,,2026.09.05-p5.5-coherent-complete-fields,2026.09.05-place-evidence-v4-fresh-offers,2026-09-17,13,False,SHADOW_ONLY,"['trip 89% (+0.9f)', 'genuine pace']",20260930_085138
db13d676259eb7d875a66c0a,2026-09-30T08:22:46+00:00,0.099203,0.357441,0.575591,2026-09-30,14:32,2026-09-30 14:32,Catterick,EBF Maiden Stakes (GBB Race),Five Years,8,21.0,22.64,28.95,6,6,5,6,6,6,7,6,6,6,0.038961,0.159446,0.27326,0.961039,0.049911,0.17206,0.29652,0.891962,0.038961,0.146831,0.230061,-0.0,1.261,4.32,0.0,1.095,2.523,6.646,-6.908,0.0,0.5,0.65,0.0,81.01,50.0,0.0792,6.59,7.01,0.42,0.978,0.333,1.199,0.008,0.0,0.0,1.0,False,0.0259,-0.25,NO BET,False,['low_data_coverage'],,,0.0,[],,,,2026.09.05-p5.5-coherent-complete-fields,2026.09.05-place-evidence-v4-fresh-offers,2026-09-17,13,False,SHADOW_ONLY,"['trip 98% (+0.4f)', 'genuine pace']",20260930_085138
b88c9bfcdcdcd8dad2b2abfd,2026-09-30T08:22:46+00:00,0.021316,0.081522,0.139889,2026-09-30,14:32,2026-09-30 14:32,Catterick,EBF Maiden Stakes (GBB Race),Glen In Rome,8,101.0,59.99,36.81,8,8,8,8,8,8,8,8,8,8,0.008101,0.034531,0.063473,0.991899,0.004975,0.037769,0.070506,0.926743,0.008101,0.031293,0.050411,-0.0,0.324,1.306,0.0,-0.313,0.648,2.009,-6.516,0.0,0.5,0.65,0.0,81.72,37.5,0.1004,8.49,7.01,-1.48,0.76,0.167,1.199,0.0,0.0,0.0,1.0,False,-0.0053,-0.25,NO BET,False,['low_data_coverage'],,,0.0,[],,,,2026.09.05-p5.5-coherent-complete-fields,2026.09.05-place-evidence-v4-fresh-offers,2026-09-17,13,False,SHADOW_ONLY,"['trip 76% (-1.5f)', 'genuine pace']",20260930_085138
c3bf4e13bb5f2b9be7beac9b,2026-09-30T08:22:46+00:00,0.44197,0.869774,0.933329,2026-09-30,14:48,2026-09-30 14:48,Musselburgh,Invades Day Party Handicap,Kelpie Grey,11,3.0,3.98,3.59,1,1,1,1,1,1,1,1,1,1,0.254848,0.629092,0.762115,0.745152,0.231974,0.617396,0.755852,0.767653,0.254848,0.640788,0.773748,0.0,-1.17,-1.163,0.0,-2.287,-2.339,-1.79,2.25,0.0,0.5,0.65,0.0,94.98,100.0,0.0308,6.89,6.96,0.06,1.0,1.0,1.347,-0.301,0.367,0.0,1.0,False,0.0246,-1.6,NO BET,False,['no_dual_p4_raw_value'],,,4.0,"['SBG', 'B365']",3.95,4.3,22.96,2026.09.05-p5.5-coherent-complete-fields,2026.09.05-place-evidence-v4-fresh-offers,2026-09-17,13,False,SHADOW_ONLY,"['trip 100% (+0.1f)', 'contested pace']",20260930_085138
44e12961585eb892d57d9b0e,2026-09-30T08:22:46+00:00,0.340654,0.75486,0.851404,2026-09-30,14:48,2026-09-30 14:48,Musselburgh,Invades Day Party Handicap,Monhammer,11,4.5,6.45,6.59,2,3,3,2,2,2,2,2,2,2,0.169899,0.511408,0.624558,0.830101,0.169204,0.530949,0.619739,0.906776,0.169899,0.491868,0.633508,0.0,1.954,-0.895,0.0,-0.07,3.908,-1.377,7.668,0.0,0.5,0.65,0.0,82.69,100.0,0.0478,7.1,6.96,-0.14,0.997,1.0,1.347,0.205,-0.325,0.0,1.0,False,0.006,-1.6,NO BET,False,['no_dual_p4_raw_value'],,,4.0,"['SBG', 'B365']",6.0,9.4,10.18,2026.09.05-p5.5-coherent-complete-fields,2026.09.05-place-evidence-v4-fresh-offers,2026-09-17,13,False,SHADOW_ONLY,"['trip 100% (-0.1f)', 'contested pace']",20260930_085138
a75232e0ba46e1f391c61a56,2026-09-30T08:22:46+00:00,0.290981,0.685521,0.794982,2026-09-30,14:48,2026-09-30 14:48,Musselburgh,Invades Day Party Handicap,Misemerald,11,5.5,6.3,5.68,3,2,2,3,3,3,3,3,3,3,0.139008,0.442954,0.55398,0.860992,0.151616,0.464012,0.551329,0.902282,0.139008,0.421896,0.558904,0.0,2.106,-0.492,0.0,1.261,4.212,-0.758,4.129,0.0,0.5,0.65,0.0,82.69,100.0,0.0478,7.56,6.96,-0.6,0.956,1.0,1.347,0.058,-0.107,0.0,1.0,False,0.0411,-1.6,NO BET,False,['no_dual_p4_raw_value'],,,4.0,"['SBG', 'B365']",7.4,240.0,10.32,2026.09.05-p5.5-coherent-complete-fields,2026.09.05-place-evidence-v4-fresh-offers,2026-09-17,13,False,SHADOW_ONLY,"['trip 96% (-0.6f)', 'contested pace']",20260930_085138
492f003402bed60e6261728c,2026-09-30T08:22:46+00:00,0.257476,0.653836,0.767579,2026-09-30,14:48,2026-09-30 14:48,Musselburgh,Invades Day Party Handicap,Filey Beach,11,6.0,7.63,7.52,4,4,4,4,4,4,4,4,4,4,0.127424,0.387529,0.499782,0.872576,0.112299,0.381769,0.485283,0.920928,0.127424,0.393289,0.52671,0.0,-0.576,-2.693,0.0,-1.512,-1.152,-4.143,4.835,0.0,0.5,0.65,0.0,84.05,100.0,0.0478,6.96,6.96,-0.01,1.0,1.0,1.347,-0.312,0.408,0.0,1.0,False,-0.0161,-1.6,NO BET,False,['no_dual_p4_raw_value'],,,4.0,"['SBG', 'B365']",,,,2026.09.05-p5.5-coherent-complete-fields,2026.09.05-place-evidence-v4-fresh-offers,2026-09-17,13,False,SHADOW_ONLY,"['trip 100% (-0.0f)', 'contested pace']",20260930_085138
00b440ad7565f95ddf053621,2026-09-30T08:22:46+00:00,0.160541,0.465424,0.583879,2026-09-30,14:48,2026-09-30 14:48,Musselburgh,Invades Day Party Handicap,Rwenearlytheredad,11,10.0,20.85,33.4,5,7,9,5,5,6,6,5,6,6,0.076454,0.244627,0.351443,0.923546,0.083713,0.236697,0.349975,0.926296,0.076454,0.252557,0.354169,0.0,-0.793,-0.273,0.0,0.726,-1.586,-0.419,0.275,0.0,0.5,0.65,0.0,82.69,100.0,0.0478,7.44,6.96,-0.49,0.971,1.0,1.347,-0.342,0.442,0.0,1.0,True,0.0014,-1.6,NO BET,False,['no_dual_p4_raw_value'],,,4.0,"['SBG', 'B365']",,,,2026.09.05-p5.5-coherent-complete-fields,2026.09.05-place-evidence-v4-fresh-offers,2026-09-17,13,False,SHADOW_ONLY,"['trip 97% (-0.5f)', 'contested pace', 'second run back']",20260930_085138
fc187ee74e0814d53aba1997,2026-09-30T08:22:46+00:00,0.144121,0.378158,0.486652,2026-09-30,14:48,2026-09-30 14:48,Musselburgh,Invades Day Party Handicap,Jkr Cobbler,11,13.0,16.01,14.3,6,5,5,6,6,5,5,6,5,5,0.058811,0.229431,0.357711,0.941189,0.077269,0.2604,0.398266,0.891865,0.058811,0.198461,0.282393,0.0,3.097,7.532,0.0,1.846,6.194,11.587,-4.932,0.0,0.5,0.65,0.0,84.98,100.0,0.0308,7.11,6.96,-0.15,0.997,1.0,1.347,0.11,-0.203,0.0,1.0,True,0.0142,-1.6,NO BET,False,['no_dual_p4_raw_value'],,,4.0,"['SBG', 'B365']",8.0,250.0,17.63,2026.09.05-p5.5-coherent-complete-fields,2026.09.05-place-evidence-v4-fresh-offers,2026-09-17,13,False,SHADOW_ONLY,"['trip 100% (-0.1f)', 'contested pace', 'second run back']",20260930_085138
80d3beb8c6957e780bcbb3fa,2026-09-30T08:22:46+00:00,0.109083,0.301203,0.395018,2026-09-30,14:48,2026-09-30 14:48,Musselburgh,Invades Day Party Handicap,Due Respect,11,17.0,20.66,24.41,7,6,7,7,7,7,7,7,7,7,0.044973,0.173192,0.26403,0.955027,0.052512,0.192175,0.286761,0.910572,0.044973,0.15421,0.221816,0.0,1.898,4.221,0.0,0.754,3.797,6.494,-4.445,0.0,0.5,0.65,0.0,82.22,100.0,0.0562,7.11,6.96,-0.15,0.997,1.0,1.347,-0.381,0.435,0.0,1.0,False,-0.0048,-1.6,NO BET,False,['no_dual_p4_raw_value'],,,4.0,"['SBG', 'B365']",,,,2026.09.05-p5.5-coherent-complete-fields,2026.09.05-place-evidence-v4-fresh-offers,2026-09-17,13,False,SHADOW_ONLY,"['trip 100% (-0.1f)', 'contested pace']",20260930_085138
f5d93cf3870e92ff344ae6f0,2026-09-30T08:22:46+00:00,0.080891,0.249808,0.331249,2026-09-30,14:48,2026-09-30 14:48,Musselburgh,Invades Day Party Handicap,Pallas Lord,11,21.0,21.87,24.03,8,8,6,8,8,8,8,8,8,8,0.036407,0.125374,0.20982,0.963593,0.041908,0.124711,0.22455,0.911225,0.036407,0.126038,0.182464,0.0,-0.066,2.736,0.0,0.55,-0.133,4.209,-5.237,0.0,0.5,0.65,0.0,84.98,100.0,0.0308,7.83,6.96,-0.87,0.909,1.0,1.347,-0.465,0.62,0.34,0.66,False,-0.0093,-1.6,NO BET,False,['no_dual_p4_raw_value'],,,4.0,"['SBG', 'B365']",7.0,70.0,10.08,2026.09.05-p5.5-coherent-complete-fields,2026.09.05-place-evidence-v4-fresh-offers,2026-09-17,13,False,SHADOW_ONLY,"['trip 91% (-0.9f)', 'contested pace', 'last run compromised']",20260930_085138
da09f5b51bcdea61f2bbb244,2026-09-30T08:22:46+00:00,0.075287,0.249808,0.331249,2026-09-30,14:48,2026-09-30 14:48,Musselburgh,Invades Day Party Handicap,Concert Boy,11,21.0,31.23,46.05,8,10,11,8,9,9,9,10,9,9,0.036407,0.114167,0.168002,0.963593,0.029145,0.102297,0.160215,0.926871,0.036407,0.126038,0.182464,0.0,-1.187,-1.446,0.0,-0.726,-2.374,-2.225,-3.672,0.0,0.5,0.65,0.0,83.62,100.0,0.0308,7.75,6.96,-0.8,0.924,1.0,1.347,0.13,-0.217,0.22,0.78,False,0.0015,-1.6,NO BET,False,['no_dual_p4_raw_value'],,,4.0,"['SBG', 'B365']",,,,2026.09.05-p5.5-coherent-complete-fields,2026.09.05-place-evidence-v4-fresh-offers,2026-09-17,13,False,SHADOW_ONLY,"['trip 92% (-0.8f)', 'contested pace']",20260930_085138
d7543988216ecdee192ee55a,2026-09-30T08:22:46+00:00,0.05542,0.205684,0.275095,2026-09-30,14:48,2026-09-30 14:48,Musselburgh,Invades Day Party Handicap,Keep Me Stable,11,26.0,26.55,30.24,10,9,8,10,10,10,10,9,10,10,0.029406,0.081435,0.124273,0.970594,0.033912,0.060286,0.110815,0.921973,0.029406,0.102583,0.149267,0.0,-2.115,-2.499,0.0,0.451,-4.23,-3.845,-4.862,0.0,0.5,0.65,0.0,82.69,100.0,0.0478,7.2,6.96,-0.24,0.993,1.0,1.347,-0.199,0.244,0.0,1.0,False,0.0252,-1.6,NO BET,False,['no_dual_p4_raw_value'],,,4.0,"['SBG', 'B365']",,,,2026.09.05-p5.5-coherent-complete-fields,2026.09.05-place-evidence-v4-fresh-offers,2026-09-17,13,False,SHADOW_ONLY,"['trip 99% (-0.2f)', 'contested pace']",20260930_085138
29541bb39fafc8ba707588fc,2026-09-30T08:22:46+00:00,0.043577,0.185923,0.249565,2026-09-30,14:48,2026-09-30 14:48,Musselburgh,Invades Day Party Handicap,Escape Act,11,29.0,33.41,43.34,11,11,10,11,11,11,11,11,11,11,0.026364,0.06079,0.084286,0.973636,0.016449,0.029308,0.057216,0.929527,0.026364,0.092273,0.134558,0.0,-3.148,-5.027,0.0,-0.991,-6.296,-7.734,-4.411,0.0,0.5,0.65,0.0,82.65,100.0,0.0732,8.39,6.96,-1.43,0.774,0.667,1.347,0.007,-0.108,0.0,1.0,False,-0.0004,-1.6,NO BET,False,['no_dual_p4_raw_value'],,,4.0,"['SBG', 'B365']",,,,2026.09.05-p5.5-coherent-complete-fields,2026.09.05-place-evidence-v4-fresh-offers,2026-09-17,13,False,SHADOW_ONLY,"['trip 77% (-1.4f)', 'contested pace']",20260930_085138
ecd0aaba7672dfbe5322cb9d,2026-09-30T08:22:46+00:00,0.631998,1.0,,2026-09-30,14:55,2026-09-30 14:55,Sligo,Gracie's Bar Beginners Chase,Hello Neighbour,5,2.38,3.2,3.78,1,2,2,1,1,1,1,1,1,1,0.367219,0.896777,0.999111,0.632781,0.374954,0.886606,1.0,0.669217,0.367219,0.906948,0.997461,0.0,-1.017,0.165,0.0,0.774,-2.034,0.254,3.644,0.0,0.5,0.65,0.0,80.87,87.5,0.1167,15.79,17.74,1.95,0.907,1.0,0.714,-0.12,-0.163,0.0,1.0,False,-0.0191,0.26,NO BET,False,"['no_genuine_four_place_terms', 'no_dual_p4_raw_value']",,,0.0,[],,,,2026.09.05-p5.5-coherent-complete-fields,2026.09.05-place-evidence-v4-fresh-offers,2026-09-17,13,False,SHADOW_ONLY,"['trip 91% (+1.9f)', 'steady pace']",20260930_085138
b9a10e7a6b71f89f8213c931,2026-09-30T08:22:46+00:00,0.576242,1.0,,2026-09-30,14:55,2026-09-30 14:55,Sligo,Gracie's Bar Beginners Chase,Putapoundinthejar,5,3.0,2.93,2.61,2,1,1,2,2,2,2,2,2,1,0.291327,0.861158,0.998452,0.708673,0.305958,0.860493,1.0,0.73062,0.291327,0.861823,0.995577,0.0,-0.066,0.288,-0.0,1.463,-0.133,0.442,2.195,0.0,0.5,0.65,0.0,87.97,87.5,0.0786,14.73,17.74,3.02,0.631,1.0,0.714,-0.147,-0.2,0.28,0.72,False,-0.0156,0.26,NO BET,False,['no_genuine_four_place_terms'],,,0.0,[],2.36,8.8,10.95,2026.09.05-p5.5-coherent-complete-fields,2026.09.05-place-evidence-v4-fresh-offers,2026-09-17,13,False,SHADOW_ONLY,"['trip 63% (+3.0f)', 'steady pace']",20260930_085138
11241bb00d31690575d6fccf,2026-09-30T08:22:46+00:00,0.526445,1.0,,2026-09-30,14:55,2026-09-30 14:55,Sligo,Gracie's Bar Beginners Chase,Bowensonfire,5,3.5,4.65,5.75,3,3,3,3,3,3,3,3,3,1,0.249709,0.803181,0.997818,0.750291,0.214053,0.782307,1.0,0.795013,0.249709,0.824055,0.993767,0.0,-2.087,0.405,0.0,-3.566,-4.175,0.623,4.472,0.0,0.5,0.65,0.0,83.47,87.5,0.0786,17.12,17.74,0.62,0.979,1.0,0.714,-0.076,-0.173,0.0,1.0,False,-0.0285,0.26,NO BET,False,"['no_genuine_four_place_terms', 'no_dual_p4_raw_value']",,,0.0,[],,,,2026.09.05-p5.5-coherent-complete-fields,2026.09.05-place-evidence-v4-fresh-offers,2026-09-17,13,False,SHADOW_ONLY,"['trip 98% (+0.6f)', 'steady pace']",20260930_085138
9a5df1976a8910bdf7732853,2026-09-30T08:22:46+00:00,0.233226,1.0,,2026-09-30,14:55,2026-09-30 14:55,Sligo,Gracie's Bar Beginners Chase,Mode Avion,5,10.0,8.8,8.51,4,4,4,4,4,4,4,4,4,4,0.087398,0.379053,0.804205,0.912602,0.0995,0.372653,0.721179,0.866061,0.087398,0.385454,0.958396,0.0,-0.64,-15.419,0.0,1.21,-1.28,-23.722,-4.654,0.0,0.5,0.65,0.0,81.6,87.5,0.1125,16.35,17.74,1.39,0.898,1.0,0.714,0.128,0.256,0.0,1.0,True,-0.0285,0.26,NO BET,False,['no_genuine_four_place_terms'],,,0.0,[],10.0,600.0,13.65,2026.09.05-p5.5-coherent-complete-fields,2026.09.05-place-evidence-v4-fresh-offers,2026-09-17,13,False,SHADOW_ONLY,"['trip 90% (+1.4f)', 'steady pace', 'second run back']",20260930_085138
3c65a7bfe0fad5a0f4c11d58,2026-09-30T08:22:46+00:00,0.032089,1.0,,2026-09-30,14:55,2026-09-30 14:55,Sligo,Gracie's Bar Beginners Chase,Western Doyen,5,201.0,58.59,16.18,5,5,5,5,5,5,5,5,5,5,0.004348,0.059831,0.200414,0.995652,0.005535,0.09794,0.278821,0.906229,0.004348,0.021721,0.0548,0.0,3.811,14.561,0.0,0.119,7.622,22.402,-8.942,0.0,0.5,0.65,0.0,80.2,87.5,0.1379,16.54,17.74,1.2,0.923,0.167,0.714,0.0,0.0,0.0,1.0,False,0.0252,0.26,NO BET,False,['no_genuine_four_place_terms'],,,0.0,[],14.0,1000.0,3.38,2026.09.05-p5.5-coherent-complete-fields,2026.09.05-place-evidence-v4-fresh-offers,2026-09-17,13,False,SHADOW_ONLY,"['trip 92% (+1.2f)', 'steady pace']",20260930_085138
a7c19e31d97b06ebc9a78826,2026-09-30T08:22:46+00:00,0.428296,0.883311,0.953457,2026-09-30,15:07,2026-09-30 15:07,Catterick,Watch All Races Live On RacingTV Handicap,Lady Phoebe,9,3.75,5.92,7.55,1,2,4,1,1,1,1,1,1,1,0.226514,0.630079,0.767435,0.773486,0.239066,0.641541,0.765607,0.859634,0.226514,0.618616,0.770831,0.0,1.146,-0.34,0.0,1.255,2.293,-0.522,8.615,0.0,0.5,0.65,0.0,84.83,100.0,0.052,17.08,15.83,-1.24,0.963,1.0,0.826,-0.062,-0.05,0.0,1.0,False,0.1105,-0.15,NO BET,False,"['no_genuine_four_place_terms', 'no_dual_p4_raw_value']",,,0.0,[],,,,2026.09.05-p5.5-coherent-complete-fields,2026.09.05-place-evidence-v4-fresh-offers,2026-09-17,13,False,SHADOW_ONLY,"['trip 96% (-1.2f)', 'genuine pace']",20260930_085138
74174c90209a315c2f241cc8,2026-09-30T08:22:46+00:00,0.394699,0.868881,0.945877,2026-09-30,15:07,2026-09-30 15:07,Catterick,Watch All Races Live On RacingTV Handicap,Sugarpiehoneybunch,9,4.0,5.98,7.36,2,3,3,2,3,3,3,3,3,3,0.212357,0.57704,0.697858,0.787643,0.193168,0.559611,0.669799,0.877318,0.212357,0.594469,0.749968,0.0,-1.743,-5.211,-0.0,-1.919,-3.486,-8.017,8.967,0.0,0.5,0.65,0.0,83.53,100.0,0.0605,12.99,15.83,2.85,0.362,1.0,0.826,-0.071,-0.217,0.42,0.58,False,-0.0006,-0.15,NO BET,False,"['no_genuine_four_place_terms', 'no_dual_p4_raw_value']",,,0.0,[],,,,2026.09.05-p5.5-coherent-complete-fields,2026.09.05-place-evidence-v4-fresh-offers,2026-09-17,13,False,SHADOW_ONLY,"['trip 36% (+2.9f)', 'genuine pace', 'last run compromised']",20260930_085138
f0e4dabdfe4cef4b9e2e6921,2026-09-30T08:22:46+00:00,0.406253,0.868881,0.945877,2026-09-30,15:07,2026-09-30 15:07,Catterick,Watch All Races Live On RacingTV Handicap,Fairydale,9,4.0,4.1,3.7,2,1,1,2,2,2,2,2,2,2,0.212357,0.600148,0.750633,0.787643,0.207485,0.605828,0.750991,0.846811,0.212357,0.594469,0.749968,0.0,0.568,0.067,-0.0,-0.487,1.136,0.102,5.917,0.0,0.5,0.65,0.0,90.06,100.0,0.0478,10.56,15.83,5.27,0.24,1.0,0.826,-0.047,0.005,0.0,1.0,False,-0.0058,-0.15,NO BET,False,"['no_genuine_four_place_terms', 'no_dual_p4_raw_value']",,,0.0,[],,,,2026.09.05-p5.5-coherent-complete-fields,2026.09.05-place-evidence-v4-fresh-offers,2026-09-17,13,False,SHADOW_ONLY,"['trip 24% (+5.3f)', 'genuine pace']",20260930_085138
2229b017a5443ececf2f80b5,2026-09-30T08:22:46+00:00,0.246316,0.700495,0.837929,2026-09-30,15:07,2026-09-30 15:07,Catterick,Watch All Races Live On RacingTV Handicap,Star Of Jupiter,9,7.0,8.08,8.67,4,5,5,4,4,4,4,4,4,4,0.121347,0.371286,0.519399,0.878653,0.119591,0.350126,0.505424,0.857358,0.121347,0.392447,0.545352,0.0,-2.116,-2.595,0.0,-0.176,-4.232,-3.993,-2.13,0.0,0.5,0.65,0.0,82.56,100.0,0.0478,15.67,15.83,0.17,0.996,1.0,0.826,-0.106,-0.325,0.0,1.0,False,-0.0249,-0.15,NO BET,False,"['no_genuine_four_place_terms', 'no_dual_p4_raw_value']",,,0.0,[],,,,2026.09.05-p5.5-coherent-complete-fields,2026.09.05-place-evidence-v4-fresh-offers,2026-09-17,13,False,SHADOW_ONLY,"['trip 100% (+0.2f)', 'genuine pace']",20260930_085138
61311903ac110f6495baa34a,2026-09-30T08:22:46+00:00,0.191086,0.529587,0.692967,2026-09-30,15:07,2026-09-30 15:07,Catterick,Watch All Races Live On RacingTV Handicap,Muhib,9,11.0,7.34,5.31,5,4,2,5,5,5,5,5,5,5,0.077221,0.304952,0.46134,0.922779,0.092368,0.345149,0.502781,0.890963,0.077221,0.264755,0.384379,0.0,4.02,7.696,0.0,1.515,8.039,11.84,-3.182,0.0,0.5,0.65,0.0,82.09,100.0,0.0562,11.74,15.83,4.09,0.123,1.0,0.826,0.011,0.295,0.0,1.0,False,-0.0253,-0.15,NO BET,False,['no_genuine_four_place_terms'],,,0.0,[],,,,2026.09.05-p5.5-coherent-complete-fields,2026.09.05-place-evidence-v4-fresh-offers,2026-09-17,13,False,SHADOW_ONLY,"['trip 12% (+4.1f)', 'genuine pace']",20260930_085138
62550a6309edad43431757cd,2026-09-30T08:22:46+00:00,0.128176,0.416642,0.574011,2026-09-30,15:07,2026-09-30 15:07,Catterick,Watch All Races Live On RacingTV Handicap,Neddies Boy,9,15.0,20.16,16.47,6,6,6,6,6,6,6,7,6,7,0.056629,0.199724,0.274211,0.943371,0.053836,0.200425,0.263441,0.899077,0.056629,0.199022,0.294211,0.0,0.07,-2.0,0.0,-0.279,0.14,-3.077,-4.429,0.0,0.5,0.65,0.0,83.06,100.0,0.069,12.27,15.83,3.57,0.203,0.5,0.826,-0.043,-0.163,0.0,1.0,False,-0.0103,-0.15,NO BET,False,"['no_genuine_four_place_terms', 'no_dual_p4_raw_value']",,,0.0,[],,,,2026.09.05-p5.5-coherent-complete-fields,2026.09.05-place-evidence-v4-fresh-offers,2026-09-17,13,False,SHADOW_ONLY,"['trip 20% (+3.6f)', 'genuine pace']",20260930_085138
113f92c9ffa3205ca185641b,2026-09-30T08:22:46+00:00,0.089267,0.313052,0.445956,2026-09-30,15:07,2026-09-30 15:07,Catterick,Watch All Races Live On RacingTV Handicap,Marlena's Prince,9,21.0,24.55,32.35,7,8,9,7,8,8,8,8,8,8,0.040449,0.138085,0.201357,0.959551,0.033319,0.131366,0.192997,0.924033,0.040449,0.144805,0.216882,0.0,-0.672,-1.553,0.0,-0.713,-1.344,-2.389,-3.552,0.0,0.5,0.65,0.0,81.33,50.0,0.1004,10.12,15.83,5.71,0.017,0.167,0.826,0.0,0.0,0.0,1.0,False,-0.0466,-0.15,NO BET,False,['low_data_coverage'],,,0.0,[],,,,2026.09.05-p5.5-coherent-complete-fields,2026.09.05-place-evidence-v4-fresh-offers,2026-09-17,13,False,SHADOW_ONLY,"['trip 2% (+5.7f)', 'genuine pace']",20260930_085138
e109d349a31f7361a08fc8de,2026-09-30T08:22:46+00:00,0.092129,0.313052,0.445956,2026-09-30,15:07,2026-09-30 15:07,Catterick,Watch All Races Live On RacingTV Handicap,Queenies Pal,9,21.0,23.29,29.16,7,7,7,7,7,7,7,6,7,6,0.040449,0.143809,0.260051,0.959551,0.055095,0.142813,0.283296,0.902874,0.040449,0.144805,0.216882,0.0,-0.1,4.317,0.0,1.465,-0.199,6.641,-5.668,0.0,0.5,0.65,0.0,84.23,100.0,0.0478,7.35,15.83,8.48,0.001,1.0,0.826,-0.076,-0.13,0.22,0.78,False,-0.0053,-0.15,NO BET,False,"['no_genuine_four_place_terms', 'no_dual_p4_raw_value']",,,0.0,[],,,,2026.09.05-p5.5-coherent-complete-fields,2026.09.05-place-evidence-v4-fresh-offers,2026-09-17,13,False,SHADOW_ONLY,"['trip 0% (+8.5f)', 'genuine pace']",20260930_085138
3b556c7347816f2da789e9fa,2026-09-30T08:22:46+00:00,0.023778,0.106098,0.157971,2026-09-30,15:07,2026-09-30 15:07,Catterick,Watch All Races Live On RacingTV Handicap,Soham's Roger,9,67.0,37.78,31.71,9,9,8,9,9,9,9,9,9,9,0.012678,0.034877,0.067716,0.987322,0.006072,0.02314,0.065664,0.933188,0.012678,0.046614,0.071527,0.0,-1.174,-0.381,0.0,-0.661,-2.347,-0.586,-5.413,0.0,0.5,0.65,0.0,82.5,100.0,0.0792,8.82,15.83,7.01,0.002,1.0,0.826,-0.043,-0.163,0.22,0.78,False,-0.0004,-0.15,NO BET,False,['no_genuine_four_place_terms'],,,0.0,[],,,,2026.09.05-p5.5-coherent-complete-fields,2026.09.05-place-evidence-v4-fresh-offers,2026-09-17,13,False,SHADOW_ONLY,"['trip 0% (+7.0f)', 'genuine pace']",20260930_085138
166502ea49cd2a290aca27f0,2026-09-30T08:22:46+00:00,0.367922,0.806703,0.905276,2026-09-30,15:23,2026-09-30 15:23,Musselburgh,Dropkicks Split The G Nursery,Brandenburg,8,4.33,5.8,7.1,1,3,3,1,1,1,1,1,1,1,0.19565,0.540195,0.679744,0.80435,0.192829,0.54145,0.677775,0.897353,0.19565,0.538939,0.6834,0.0,0.126,-0.366,0.0,-0.282,0.251,-0.562,9.3,0.0,0.5,0.65,0.0,80.67,100.0,0.0647,5.76,6.96,1.19,0.838,0.833,1.482,0.054,0.0,0.0,1.0,False,0.0493,-1.6,NO BET,False,"['no_genuine_four_place_terms', 'no_dual_p4_raw_value']",,,0.0,[],,,,2026.09.05-p5.5-coherent-complete-fields,2026.09.05-place-evidence-v4-fresh-offers,2026-09-17,13,False,SHADOW_ONLY,"['trip 84% (+1.2f)', 'contested pace']",20260930_085138
49a1f3d671a4c70ab8419129,2026-09-30T08:22:46+00:00,0.302863,0.697377,0.826613,2026-09-30,15:23,2026-09-30 15:23,Musselburgh,Dropkicks Split The G Nursery,The First Drop,8,6.0,5.48,4.34,2,2,2,2,2,2,2,2,2,2,0.141194,0.464531,0.610009,0.858806,0.168744,0.506301,0.636045,0.909416,0.141194,0.422761,0.561657,0.0,4.177,4.835,0.0,2.755,8.354,7.439,5.061,0.0,0.5,0.65,0.0,81.69,75.0,0.069,7.39,6.96,-0.44,0.976,0.5,1.482,-0.131,0.26,0.18,0.82,False,0.0325,-1.6,NO BET,False,['no_genuine_four_place_terms'],,,0.0,[],,,,2026.09.05-p5.5-coherent-complete-fields,2026.09.05-place-evidence-v4-fresh-offers,2026-09-17,13,False,SHADOW_ONLY,"['trip 98% (-0.4f)', 'contested pace']",20260930_085138
986c504a0cf44ffc3ff81a02,2026-09-30T08:22:46+00:00,0.285719,0.697377,0.826613,2026-09-30,15:23,2026-09-30 15:23,Musselburgh,Dropkicks Split The G Nursery,Sovereigns High,8,6.0,10.5,15.75,2,6,6,2,3,4,3,3,3,4,0.141194,0.430245,0.547121,0.858806,0.143526,0.437728,0.539293,0.88882,0.141194,0.422761,0.561657,0.0,0.748,-1.454,0.0,0.233,1.497,-2.236,3.001,0.0,0.5,0.65,0.0,76.06,100.0,0.069,6.28,6.96,0.68,0.944,0.833,1.482,0.197,-0.217,0.0,1.0,False,0.0026,-1.6,NO BET,False,"['no_genuine_four_place_terms', 'no_dual_p4_raw_value']",,,0.0,[],,,,2026.09.05-p5.5-coherent-complete-fields,2026.09.05-place-evidence-v4-fresh-offers,2026-09-17,13,False,SHADOW_ONLY,"['trip 94% (+0.7f)', 'contested pace']",20260930_085138
519dec3c319c0a5dc3f433e0,2026-09-30T08:22:46+00:00,0.257052,0.667747,0.802643,2026-09-30,15:23,2026-09-30 15:23,Musselburgh,Dropkicks Split The G Nursery,Sir Sirius,8,6.5,11.94,24.31,4,7,7,4,6,6,5,4,6,6,0.130333,0.383772,0.52102,0.869667,0.132082,0.371193,0.515285,0.86951,0.130333,0.396351,0.531669,0.0,-1.258,-1.065,0.0,0.175,-2.516,-1.638,-0.016,0.0,0.5,0.65,0.0,78.17,87.5,0.0647,6.31,6.96,0.65,0.949,0.667,1.482,-0.04,0.193,0.0,1.0,True,-0.0196,-1.6,NO BET,False,"['no_genuine_four_place_terms', 'no_dual_p4_raw_value']",,,0.0,[],,,,2026.09.05-p5.5-coherent-complete-fields,2026.09.05-place-evidence-v4-fresh-offers,2026-09-17,13,False,SHADOW_ONLY,"['trip 95% (+0.7f)', 'contested pace', 'second run back']",20260930_085138
85dc35fd382dd4c8b5edb7c6,2026-09-30T08:22:46+00:00,0.265759,0.667747,0.802643,2026-09-30,15:23,2026-09-30 15:23,Musselburgh,Dropkicks Split The G Nursery,Rock Steady Beat,8,6.5,5.44,3.91,4,1,1,4,4,3,6,5,4,3,0.130333,0.401185,0.553092,0.869667,0.130574,0.406018,0.564628,0.870085,0.130333,0.396351,0.531669,0.0,0.483,2.142,0.0,0.024,0.967,3.296,0.042,0.0,0.5,0.65,0.0,80.05,100.0,0.0647,5.63,6.96,1.32,0.803,0.833,1.482,-0.174,0.442,0.0,1.0,False,0.0259,-1.6,NO BET,False,['no_genuine_four_place_terms'],,,0.0,[],3.8,240.0,10.53,2026.09.05-p5.5-coherent-complete-fields,2026.09.05-place-evidence-v4-fresh-offers,2026-09-17,13,False,SHADOW_ONLY,"['trip 80% (+1.3f)', 'contested pace']",20260930_085138
4f8bbe22b796d698fb44555c,2026-09-30T08:22:46+00:00,0.259422,0.667747,0.802643,2026-09-30,15:23,2026-09-30 15:23,Musselburgh,Dropkicks Split The G Nursery,Inns And Out,8,6.5,7.57,8.29,4,4,5,4,5,5,4,6,5,5,0.130333,0.388511,0.524362,0.869667,0.129361,0.380672,0.520428,0.870422,0.130333,0.396351,0.531669,0.0,-0.784,-0.731,0.0,-0.097,-1.568,-1.124,0.075,0.0,0.5,0.65,0.0,82.85,100.0,0.0478,6.65,6.96,0.3,0.989,1.0,1.482,-0.017,0.15,0.0,1.0,False,-0.0058,-1.6,NO BET,False,"['no_genuine_four_place_terms', 'no_dual_p4_raw_value']",,,0.0,[],7.4,11.5,11.0,2026.09.05-p5.5-coherent-complete-fields,2026.09.05-place-evidence-v4-fresh-offers,2026-09-17,13,False,SHADOW_ONLY,"['trip 99% (+0.3f)', 'contested pace']",20260930_085138
ec579c8034a9c8e8f4000e1e,2026-09-30T08:22:46+00:00,0.184397,0.543445,0.688488,2026-09-30,15:23,2026-09-30 15:23,Musselburgh,Dropkicks Split The G Nursery,Deputy Vice,8,9.0,8.75,8.04,7,5,4,7,7,7,7,7,7,7,0.094129,0.274665,0.385568,0.905871,0.066281,0.248755,0.369148,0.888407,0.094129,0.300574,0.416061,0.0,-2.591,-3.049,0.0,-2.785,-5.182,-4.691,-1.746,0.0,0.5,0.65,0.0,78.4,100.0,0.0605,6.01,6.96,0.95,0.894,0.667,1.482,-0.116,0.25,0.0,1.0,False,-0.027,-1.6,NO BET,False,['no_genuine_four_place_terms'],,,0.0,[],,,,2026.09.05-p5.5-coherent-complete-fields,2026.09.05-place-evidence-v4-fresh-offers,2026-09-17,13,False,SHADOW_ONLY,"['trip 89% (+0.9f)', 'contested pace']",20260930_085138
61264c7993237f0225523d83,2026-09-30T08:22:46+00:00,0.076865,0.251856,0.345083,2026-09-30,15:23,2026-09-30 15:23,Musselburgh,Dropkicks Split The G Nursery,Beauty For Love,8,23.0,27.67,42.4,8,8,8,8,8,8,8,8,8,8,0.036833,0.116897,0.179084,0.963167,0.036604,0.107883,0.177397,0.924346,0.036833,0.125911,0.182218,0.0,-0.901,-0.313,0.0,-0.023,-1.803,-0.482,-3.882,0.0,0.5,0.65,0.0,81.92,100.0,0.0647,5.91,6.96,1.05,0.872,0.833,1.482,-0.148,0.33,0.0,1.0,False,-0.0012,-1.6,NO BET,False,"['no_genuine_four_place_terms', 'no_dual_p4_raw_value']",,,0.0,[],,,,2026.09.05-p5.5-coherent-complete-fields,2026.09.05-place-evidence-v4-fresh-offers,2026-09-17,13,False,SHADOW_ONLY,"['trip 87% (+1.1f)', 'contested pace']",20260930_085138
abc8a47e8adda3bb7f1cdd94,2026-09-30T08:22:46+00:00,0.436304,0.905047,0.967359,2026-09-30,15:30,2026-09-30 15:30,Sligo,Eddie McAllister Memorial Novice Handicap Chase,Miners Bridge,8,3.25,5.56,8.25,1,3,4,1,1,1,1,1,1,1,0.257776,0.614831,0.746262,0.742224,0.215878,0.569161,0.715726,0.849935,0.257776,0.660502,0.802972,0.0,-4.567,-5.671,0.0,-4.19,-9.134,-8.725,10.771,0.0,0.5,0.65,0.0,80.81,100.0,0.075,19.07,17.74,-1.33,0.907,0.667,0.91,-0.022,-0.163,0.0,1.0,False,0.0582,0.26,NO BET,False,"['no_genuine_four_place_terms', 'no_dual_p4_raw_value']",,,0.0,[],,,,2026.09.05-p5.5-coherent-complete-fields,2026.09.05-place-evidence-v4-fresh-offers,2026-09-17,13,False,SHADOW_ONLY,"['trip 91% (-1.3f)', 'genuine pace']",20260930_085138
8d94eed4c89f236fd300548a,2026-09-30T08:22:46+00:00,0.348526,0.798521,0.912284,2026-09-30,15:30,2026-09-30 15:30,Sligo,Eddie McAllister Memorial Novice Handicap Chase,Soldante,8,5.0,5.48,5.11,2,2,2,2,3,3,3,3,3,3,0.167555,0.529497,0.665815,0.832445,0.181332,0.558705,0.670449,0.909246,0.167555,0.50029,0.65721,0.0,2.921,0.861,0.0,1.378,5.842,1.324,7.68,0.0,0.5,0.65,0.0,80.65,100.0,0.0665,17.75,17.74,-0.0,1.0,1.0,0.91,-0.028,-0.108,0.0,1.0,False,0.0277,0.26,NO BET,False,"['no_genuine_four_place_terms', 'no_dual_p4_raw_value']",,,0.0,[],3.85,14.0,12.69,2026.09.05-p5.5-coherent-complete-fields,2026.09.05-place-evidence-v4-fresh-offers,2026-09-17,13,False,SHADOW_ONLY,"['trip 100% (-0.0f)', 'genuine pace']",20260930_085138
8758a260b48929a9bb25f36c,2026-09-30T08:22:46+00:00,0.350151,0.798521,0.912284,2026-09-30,15:30,2026-09-30 15:30,Sligo,Eddie McAllister Memorial Novice Handicap Chase,Phoenix Arizona,8,5.0,5.11,4.39,2,1,1,2,2,2,2,2,2,2,0.167555,0.532747,0.679832,0.832445,0.188824,0.565203,0.692013,0.9096,0.167555,0.50029,0.65721,0.0,3.246,2.262,0.0,2.127,6.491,3.48,7.716,0.0,0.5,0.65,0.0,89.08,100.0,0.0496,18.64,17.74,-0.9,0.961,1.0,0.91,0.065,0.332,0.0,1.0,False,0.0129,0.26,NO BET,False,"['no_genuine_four_place_terms', 'no_dual_p4_raw_value']",,,0.0,[],4.0,14.0,11.38,2026.09.05-p5.5-coherent-complete-fields,2026.09.05-place-evidence-v4-fresh-offers,2026-09-17,13,False,SHADOW_ONLY,"['trip 96% (-0.9f)', 'genuine pace']",20260930_085138
39eb5105f2cee92a6939a8e6,2026-09-30T08:22:46+00:00,0.259772,0.710728,0.856399,2026-09-30,15:30,2026-09-30 15:30,Sligo,Eddie McAllister Memorial Novice Handicap Chase,Mic Drop,8,6.5,8.36,9.75,4,5,5,4,4,4,6,6,4,4,0.128888,0.390655,0.529636,0.871112,0.112071,0.373241,0.514479,0.875254,0.128888,0.408069,0.557786,0.0,-1.741,-2.815,0.0,-1.682,-3.483,-4.331,0.414,0.0,0.5,0.65,0.0,81.11,100.0,0.058,18.22,17.74,-0.48,0.987,1.0,0.91,0.036,0.204,0.0,1.0,False,-0.0115,0.26,NO BET,False,"['no_genuine_four_place_terms', 'no_dual_p4_raw_value']",,,0.0,[],,,,2026.09.05-p5.5-coherent-complete-fields,2026.09.05-place-evidence-v4-fresh-offers,2026-09-17,13,False,SHADOW_ONLY,"['trip 99% (-0.5f)', 'genuine pace']",20260930_085138
12e4fc82436005e216032d1c,2026-09-30T08:22:46+00:00,0.222029,0.632571,0.798744,2026-09-30,15:30,2026-09-30 15:30,Sligo,Eddie McAllister Memorial Novice Handicap Chase,Stuntman Steve,8,8.0,9.58,10.56,5,6,6,5,6,6,5,5,6,6,0.104722,0.339336,0.485215,0.895278,0.118223,0.335779,0.487926,0.864971,0.104722,0.342894,0.48018,0.0,-0.356,0.503,0.0,1.35,-0.711,0.775,-3.031,0.0,0.5,0.65,0.0,81.11,100.0,0.058,17.21,17.74,0.54,0.984,1.0,0.91,-0.045,-0.188,0.28,0.72,False,-0.0081,0.26,NO BET,False,"['no_genuine_four_place_terms', 'no_dual_p4_raw_value']",,,0.0,[],,,,2026.09.05-p5.5-coherent-complete-fields,2026.09.05-place-evidence-v4-fresh-offers,2026-09-17,13,False,SHADOW_ONLY,"['trip 98% (+0.5f)', 'genuine pace']",20260930_085138
593d82975983cb0ad4ea98b2,2026-09-30T08:22:46+00:00,0.22691,0.632571,0.798744,2026-09-30,15:30,2026-09-30 15:30,Sligo,Eddie McAllister Memorial Novice Handicap Chase,Midnight Eagle,8,8.0,7.12,5.54,5,4,3,5,5,5,4,4,5,5,0.104722,0.349097,0.495757,0.895278,0.120877,0.355301,0.504144,0.887188,0.104722,0.342894,0.48018,0.0,0.62,1.558,0.0,1.616,1.241,2.396,-0.809,0.0,0.5,0.65,0.0,83.92,100.0,0.0411,17.87,17.74,-0.13,0.999,1.0,0.91,-0.017,0.1,0.0,1.0,False,0.0123,0.26,NO BET,False,['no_genuine_four_place_terms'],,,0.0,[],11.0,600.0,13.69,2026.09.05-p5.5-coherent-complete-fields,2026.09.05-place-evidence-v4-fresh-offers,2026-09-17,13,False,SHADOW_ONLY,"['trip 100% (-0.1f)', 'genuine pace']",20260930_085138
eedb882bf812713d0d756913,2026-09-30T08:22:46+00:00,0.087449,0.2988,0.428745,2026-09-30,15:30,2026-09-30 15:30,Sligo,Eddie McAllister Memorial Novice Handicap Chase,Jumble Light,8,21.0,26.04,35.87,7,8,8,7,7,7,7,7,7,7,0.039894,0.135005,0.217623,0.960106,0.037149,0.128593,0.221952,0.928321,0.039894,0.141417,0.209582,0.0,-0.641,0.804,0.0,-0.274,-1.282,1.237,-3.179,0.0,0.5,0.65,0.0,79.48,100.0,0.0877,16.83,17.74,0.91,0.955,1.0,0.91,-0.014,0.0,0.0,1.0,False,0.0304,0.26,NO BET,False,"['no_genuine_four_place_terms', 'no_dual_p4_raw_value']",,,0.0,[],,,,2026.09.05-p5.5-coherent-complete-fields,2026.09.05-place-evidence-v4-fresh-offers,2026-09-17,13,False,SHADOW_ONLY,"['trip 96% (+0.9f)', 'genuine pace']",20260930_085138
bf43bb18657ead155288b378,2026-09-30T08:22:46+00:00,0.06886,0.223241,0.325442,2026-09-30,15:30,2026-09-30 15:30,Sligo,Eddie McAllister Memorial Novice Handicap Chase,Zolpharine,8,29.0,25.62,20.06,8,7,7,8,8,8,8,8,8,8,0.028889,0.108831,0.179859,0.971111,0.025647,0.114017,0.19331,0.918776,0.028889,0.103645,0.15488,0.0,0.519,2.498,0.0,-0.324,1.037,3.843,-5.234,0.0,0.5,0.65,0.0,80.65,100.0,0.0665,22.04,17.74,-4.3,0.358,1.0,0.91,-0.045,-0.118,0.0,1.0,False,-0.0137,0.26,NO BET,False,['no_genuine_four_place_terms'],,,0.0,[],12.0,600.0,12.66,2026.09.05-p5.5-coherent-complete-fields,2026.09.05-place-evidence-v4-fresh-offers,2026-09-17,13,False,SHADOW_ONLY,"['trip 36% (-4.3f)', 'genuine pace']",20260930_085138
614b9bcbedf8f2d08733fa47,2026-09-30T08:22:46+00:00,0.58741,0.971272,0.99163,2026-09-30,15:42,2026-09-30 15:42,Catterick,Bet At racingtv.com Handicap (Div 1),Golden Strike,10,2.2,3.25,3.63,1,1,1,1,1,1,1,1,1,1,0.378332,0.796489,0.882791,0.621668,0.31699,0.771558,0.861894,0.6697,0.378332,0.82142,0.921601,0.0,-2.493,-3.881,0.0,-6.134,-4.986,-5.971,4.803,0.0,0.5,0.65,0.0,94.32,100.0,0.069,7.05,7.01,-0.04,1.0,1.0,1.19,0.043,0.0,0.0,1.0,False,-0.027,-0.25,NO BET,False,"['no_genuine_four_place_terms', 'no_dual_p4_raw_value']",,,0.0,[],,,,2026.09.05-p5.5-coherent-complete-fields,2026.09.05-place-evidence-v4-fresh-offers,2026-09-17,13,False,SHADOW_ONLY,"['trip 100% (-0.0f)', 'genuine pace']",20260930_085138
3c89b730a0e2d7bb6f2c8337,2026-09-30T08:22:46+00:00,0.425836,0.89194,0.955532,2026-09-30,15:42,2026-09-30 15:42,Catterick,Bet At racingtv.com Handicap (Div 1),Masaban,10,4.0,4.3,4.02,2,2,2,2,2,2,2,2,2,2,0.208082,0.64359,0.77172,0.791918,0.22572,0.660815,0.765396,0.876039,0.208082,0.626365,0.783464,0.0,1.722,-1.174,0.0,1.764,3.445,-1.807,8.412,0.0,0.5,0.65,0.0,85.48,100.0,0.0478,7.15,7.01,-0.14,0.998,1.0,1.19,-0.118,0.2,0.0,1.0,False,-0.0258,-0.25,NO BET,False,"['no_genuine_four_place_terms', 'no_dual_p4_raw_value']",,,0.0,[],,,,2026.09.05-p5.5-coherent-complete-fields,2026.09.05-place-evidence-v4-fresh-offers,2026-09-17,13,False,SHADOW_ONLY,"['trip 100% (-0.1f)', 'genuine pace']",20260930_085138
bd59c3fa092c17cef230081f,2026-09-30T08:22:46+00:00,0.265544,0.716214,0.84268,2026-09-30,15:42,2026-09-30 15:42,Catterick,Bet At racingtv.com Handicap (Div 1),Diamont Katie,10,7.5,8.64,7.64,3,3,3,3,3,3,3,3,3,3,0.110977,0.420111,0.600918,0.889023,0.137654,0.442634,0.62214,0.895651,0.110977,0.397589,0.561507,0.0,2.252,3.941,0.0,2.668,4.505,6.063,0.663,0.0,0.5,0.65,0.0,85.48,100.0,0.0478,6.46,7.01,0.55,0.963,1.0,1.19,0.028,-0.15,0.34,0.66,False,0.0259,-0.25,NO BET,False,"['no_genuine_four_place_terms', 'no_dual_p4_raw_value']",,,0.0,[],6.2,240.0,10.21,2026.09.05-p5.5-coherent-complete-fields,2026.09.05-place-evidence-v4-fresh-offers,2026-09-17,13,False,SHADOW_ONLY,"['trip 96% (+0.6f)', 'genuine pace', 'last run compromised']",20260930_085138
32451a5dda8c41d2b7ac488e,2026-09-30T08:22:46+00:00,0.241228,0.693457,0.825405,2026-09-30,15:42,2026-09-30 15:42,Catterick,Bet At racingtv.com Handicap (Div 1),Beyond The Bar,10,8.0,13.36,19.44,4,4,6,4,4,4,4,4,4,4,0.104041,0.378416,0.519892,0.895959,0.109048,0.380293,0.51057,0.934339,0.104041,0.376538,0.537203,0.0,0.188,-1.731,0.0,0.501,0.375,-2.663,3.838,0.0,0.5,0.65,0.0,85.25,100.0,0.052,7.72,7.01,-0.71,0.939,1.0,1.19,-0.192,0.53,0.0,1.0,False,-0.0163,-0.25,NO BET,False,"['no_genuine_four_place_terms', 'no_dual_p4_raw_value']",,,0.0,[],,,,2026.09.05-p5.5-coherent-complete-fields,2026.09.05-place-evidence-v4-fresh-offers,2026-09-17,13,False,SHADOW_ONLY,"['trip 94% (-0.7f)', 'genuine pace']",20260930_085138
d7f3aa0cea3a8d32f4a389f9,2026-09-30T08:22:46+00:00,0.154633,0.511809,0.665907,2026-09-30,15:42,2026-09-30 15:42,Catterick,Bet At racingtv.com Handicap (Div 1),Lady Gormire,10,13.0,15.83,17.63,5,6,5,5,5,5,5,5,5,5,0.064025,0.24524,0.371786,0.935975,0.069973,0.245978,0.374185,0.918786,0.064025,0.244503,0.367331,0.0,0.074,0.446,0.0,0.595,0.147,0.685,-1.719,0.0,0.5,0.65,0.0,83.98,100.0,0.0478,6.53,7.01,0.48,0.972,1.0,1.19,-0.118,0.25,0.0,1.0,False,-0.0117,-0.25,NO BET,False,"['no_genuine_four_place_terms', 'no_dual_p4_raw_value']",,,0.0,[],10.5,600.0,18.03,2026.09.05-p5.5-coherent-complete-fields,2026.09.05-place-evidence-v4-fresh-offers,2026-09-17,13,False,SHADOW_ONLY,"['trip 97% (+0.5f)', 'genuine pace']",20260930_085138
9d9ca6a5f9ed21c6559bc2c3,2026-09-30T08:22:46+00:00,0.123573,0.415754,0.56431,2026-09-30,15:42,2026-09-30 15:42,Catterick,Bet At racingtv.com Handicap (Div 1),Evocative Spark,10,17.0,21.56,28.2,6,7,7,6,6,6,6,6,6,6,0.048961,0.198186,0.312309,0.951039,0.051334,0.205944,0.323861,0.912935,0.048961,0.190428,0.290856,0.0,0.776,2.145,0.0,0.237,1.552,3.301,-3.81,0.0,0.5,0.65,0.0,83.52,100.0,0.0562,6.81,7.01,0.2,0.995,1.0,1.19,-0.03,0.0,0.0,1.0,False,0.0002,-0.25,NO BET,False,"['no_genuine_four_place_terms', 'no_dual_p4_raw_value']",,,0.0,[],,,,2026.09.05-p5.5-coherent-complete-fields,2026.09.05-place-evidence-v4-fresh-offers,2026-09-17,13,False,SHADOW_ONLY,"['trip 100% (+0.2f)', 'genuine pace']",20260930_085138
bba9bf2451a81d1dafabcbc7,2026-09-30T08:22:46+00:00,0.066298,0.226823,0.3259,2026-09-30,15:42,2026-09-30 15:42,Catterick,Bet At racingtv.com Handicap (Div 1),Kiss Me My Love,10,34.0,15.19,9.28,7,5,4,7,7,7,7,7,7,7,0.02448,0.108115,0.219449,0.97552,0.02819,0.118333,0.25516,0.911941,0.02448,0.097898,0.153129,0.0,1.022,6.632,0.0,0.371,2.044,10.203,-6.358,0.0,0.5,0.65,0.0,81.55,100.0,0.0647,7.85,7.01,-0.84,0.915,1.0,1.19,-0.03,0.0,0.0,1.0,False,0.0062,-0.25,NO BET,False,['no_genuine_four_place_terms'],,,0.0,[],19.0,600.0,13.69,2026.09.05-p5.5-coherent-complete-fields,2026.09.05-place-evidence-v4-fresh-offers,2026-09-17,13,False,SHADOW_ONLY,"['trip 92% (-0.8f)', 'genuine pace']",20260930_085138
8f991fd640e01591bbe72b14,2026-09-30T08:22:46+00:00,0.055711,0.226823,0.3259,2026-09-30,15:42,2026-09-30 15:42,Catterick,Bet At racingtv.com Handicap (Div 1),Ubetterseethis,10,34.0,30.37,33.21,7,8,10,7,8,8,8,8,8,8,0.02448,0.086941,0.145231,0.97552,0.028074,0.075985,0.140978,0.93741,0.02448,0.097898,0.153129,0.0,-1.096,-0.79,0.0,0.359,-2.191,-1.215,-3.811,0.0,0.5,0.65,0.0,84.55,100.0,0.0647,6.73,7.01,0.28,0.99,1.0,1.19,-0.141,0.281,0.0,1.0,False,0.0036,-0.25,NO BET,False,['no_genuine_four_place_terms'],,,0.0,[],12.0,600.0,12.62,2026.09.05-p5.5-coherent-complete-fields,2026.09.05-place-evidence-v4-fresh-offers,2026-09-17,13,False,SHADOW_ONLY,"['trip 99% (+0.3f)', 'genuine pace']",20260930_085138
385dd092b9b4ce27a7d94c77,2026-09-30T08:22:46+00:00,0.045498,0.190674,0.276204,2026-09-30,15:42,2026-09-30 15:42,Catterick,Bet At racingtv.com Handicap (Div 1),Vince Lombardi,10,41.0,31.61,31.41,9,9,8,9,9,9,9,9,9,9,0.020301,0.070696,0.104851,0.979699,0.023784,0.059844,0.092365,0.928594,0.020301,0.081548,0.128038,0.0,-1.085,-2.319,0.0,0.348,-2.17,-3.567,-5.111,0.0,0.5,0.65,0.0,84.55,100.0,0.0647,6.3,7.01,0.71,0.939,1.0,1.19,-0.114,0.206,0.0,1.0,True,0.0191,-0.25,NO BET,False,['no_genuine_four_place_terms'],,,0.0,[],12.0,600.0,13.72,2026.09.05-p5.5-coherent-complete-fields,2026.09.05-place-evidence-v4-fresh-offers,2026-09-17,13,False,SHADOW_ONLY,"['trip 94% (+0.7f)', 'genuine pace', 'second run back']",20260930_085138
73883721e415182794210eb4,2026-09-30T08:22:46+00:00,0.034268,0.155234,0.226531,2026-09-30,15:42,2026-09-30 15:42,Catterick,Bet At racingtv.com Handicap (Div 1),Pit Boss,10,51.0,34.54,31.87,10,10,9,10,10,10,10,10,10,10,0.01632,0.052215,0.071053,0.98368,0.009231,0.038616,0.053451,0.939283,0.01632,0.065814,0.103743,0.0,-1.36,-3.269,0.0,-0.709,-2.72,-5.029,-4.44,0.0,0.5,0.65,0.0,85.48,100.0,0.0478,6.57,7.01,0.44,0.976,1.0,1.19,0.138,-0.421,0.0,1.0,True,0.0036,-0.25,NO BET,False,['no_genuine_four_place_terms'],,,0.0,[],14.0,1000.0,3.53,2026.09.05-p5.5-coherent-complete-fields,2026.09.05-place-evidence-v4-fresh-offers,2026-09-17,13,False,SHADOW_ONLY,"['trip 98% (+0.4f)', 'genuine pace', 'second run back']",20260930_085138
12882d35a034d002fe491fc6,2026-09-30T08:22:46+00:00,0.178057,0.422437,0.505288,2026-09-30,15:58,2026-09-30 15:58,Musselburgh,Weatherbys Stallion Book Handicap,Thunderstorm Katie,12,10.0,8.8,7.54,4,3,3,4,4,4,4,4,4,3,0.076886,0.279229,0.422437,0.923114,0.102614,0.318904,0.47468,0.914092,0.076886,0.239553,0.325414,0.0,3.968,9.702,0.0,2.573,7.935,14.927,-0.902,0.0,0.5,0.65,0.0,82.31,100.0,0.0393,5.57,4.9,-0.68,0.944,1.0,1.321,0.162,-0.26,0.0,1.0,False,0.0246,-2.15,P5 PLACE RESEARCH,False,"['positive_calibrated_place4_edge', 'learned_place4_blend_weight', 'genuine_four_plus_places', 'dual_p4_raw_value', 'stable_8_to_15_runner_pocket', 'research_only_not_p4_selected']",-0.0242,,4.0,"['SBG', 'B365']",10.5,600.0,16.12,2026.09.05-p5.5-coherent-complete-fields,2026.09.05-place-evidence-v4-fresh-offers,2026-09-17,13,False,SHADOW_ONLY,"['trip 94% (-0.7f)', 'contested pace']",20260930_085138
44b04f29f623365f34bcec55,2026-09-30T08:22:46+00:00,0.310964,0.699382,0.790229,2026-09-30,15:58,2026-09-30 15:58,Musselburgh,Weatherbys Stallion Book Handicap,Jer Batt,12,4.5,11.46,22.47,1,5,9,1,2,1,2,2,2,1,0.170859,0.451069,0.563947,0.829141,0.138895,0.433992,0.548489,0.925463,0.170859,0.468146,0.592654,0.0,-1.708,-2.871,0.0,-3.196,-3.415,-4.416,9.632,0.0,0.5,0.65,0.0,82.54,100.0,0.0351,4.99,4.9,-0.1,0.999,1.0,1.321,0.08,-0.173,0.0,1.0,False,-0.0304,-2.15,NO BET,False,['no_dual_p4_raw_value'],,,4.0,"['SBG', 'B365']",,,,2026.09.05-p5.5-coherent-complete-fields,2026.09.05-place-evidence-v4-fresh-offers,2026-09-17,13,False,SHADOW_ONLY,"['trip 100% (-0.1f)', 'contested pace']",20260930_085138
ff80725fa419b8e153f89e69,2026-09-30T08:22:46+00:00,0.314329,0.699382,0.790229,2026-09-30,15:58,2026-09-30 15:58,Musselburgh,Weatherbys Stallion Book Handicap,Mo Of Cairo,12,4.5,9.3,14.87,1,4,5,1,1,2,1,1,1,2,0.170859,0.457799,0.55771,0.829141,0.148722,0.447452,0.538894,0.906555,0.170859,0.468146,0.592654,0.0,-1.035,-3.494,0.0,-2.214,-2.069,-5.376,7.741,0.0,0.5,0.65,0.0,80.91,100.0,0.0647,5.69,4.9,-0.8,0.924,1.0,1.321,-0.348,0.33,0.0,1.0,True,-0.0196,-2.15,NO BET,False,['no_dual_p4_raw_value'],,,4.0,"['SBG', 'B365']",,,,2026.09.05-p5.5-coherent-complete-fields,2026.09.05-place-evidence-v4-fresh-offers,2026-09-17,13,False,SHADOW_ONLY,"['trip 92% (-0.8f)', 'contested pace', 'second run back']",20260930_085138
1c09d494bf63d12ab5f50ba0,2026-09-30T08:22:46+00:00,0.21625,0.512513,0.611315,2026-09-30,15:58,2026-09-30 15:58,Musselburgh,Weatherbys Stallion Book Handicap,Montezuma,12,7.5,12.44,18.19,3,6,7,3,3,3,3,3,3,4,0.102515,0.329984,0.430267,0.897485,0.113637,0.350734,0.440048,0.930513,0.102515,0.309234,0.412101,0.0,2.075,1.817,0.0,1.112,4.15,2.795,3.303,0.0,0.5,0.65,0.0,80.27,100.0,0.0308,5.55,4.9,-0.65,0.949,1.0,1.321,-0.031,0.0,0.0,1.0,False,0.0246,-2.15,NO BET,False,['no_dual_p4_raw_value'],,,4.0,"['SBG', 'B365']",,,,2026.09.05-p5.5-coherent-complete-fields,2026.09.05-place-evidence-v4-fresh-offers,2026-09-17,13,False,SHADOW_ONLY,"['trip 95% (-0.7f)', 'contested pace']",20260930_085138
32f6dafe3d69e589588829d1,2026-09-30T08:22:46+00:00,0.163511,0.413365,0.505288,2026-09-30,15:58,2026-09-30 15:58,Musselburgh,Weatherbys Stallion Book Handicap,Shes Got A Brother,12,10.0,14.73,20.57,4,7,8,4,6,6,7,7,6,6,0.076886,0.250136,0.339641,0.923114,0.075573,0.260719,0.347302,0.938224,0.076886,0.239553,0.325414,0.0,1.058,1.423,0.0,-0.131,2.117,2.189,1.511,0.0,0.5,0.65,0.0,82.39,100.0,0.0605,5.0,4.9,-0.1,0.999,1.0,1.321,-0.33,0.33,0.0,1.0,False,-0.0022,-2.15,NO BET,False,['no_dual_p4_raw_value'],,,4.0,"['SBG', 'B365']",15.5,600.0,14.36,2026.09.05-p5.5-coherent-complete-fields,2026.09.05-place-evidence-v4-fresh-offers,2026-09-17,13,False,SHADOW_ONLY,"['trip 100% (-0.1f)', 'contested pace']",20260930_085138
a6d39281cfdbcea3a315c4a1,2026-09-30T08:22:46+00:00,0.174281,0.413365,0.505288,2026-09-30,15:58,2026-09-30 15:58,Musselburgh,Weatherbys Stallion Book Handicap,Startling,12,10.0,7.29,5.25,4,2,2,4,5,5,5,5,5,5,0.076886,0.271677,0.36208,0.923114,0.097229,0.3038,0.381823,0.92732,0.076886,0.239553,0.325414,0.0,3.212,3.667,0.0,2.034,6.425,5.641,0.421,0.0,0.5,0.65,0.0,79.34,100.0,0.0478,5.08,4.9,-0.19,0.996,1.0,1.321,-0.172,0.135,0.0,1.0,False,0.029,-2.15,NO BET,False,['outside_validated_place_pocket'],,,4.0,"['SBG', 'B365']",6.6,230.0,10.89,2026.09.05-p5.5-coherent-complete-fields,2026.09.05-place-evidence-v4-fresh-offers,2026-09-17,13,False,SHADOW_ONLY,"['trip 100% (-0.2f)', 'contested pace']",20260930_085138
e69ab9c0100ac14e870df8bd,2026-09-30T08:22:46+00:00,0.157205,0.413365,0.505288,2026-09-30,15:58,2026-09-30 15:58,Musselburgh,Weatherbys Stallion Book Handicap,Wen Moon,12,10.0,18.79,33.58,4,10,10,4,7,7,6,6,8,7,0.076886,0.237523,0.329644,0.923114,0.085698,0.235493,0.331921,0.93927,0.076886,0.239553,0.325414,0.0,-0.203,0.423,0.0,0.881,-0.406,0.651,1.616,0.0,0.5,0.65,0.0,79.02,100.0,0.0308,5.13,4.9,-0.23,0.993,1.0,1.321,0.049,-0.163,0.0,1.0,True,-0.0149,-2.15,NO BET,False,['no_dual_p4_raw_value'],,,4.0,"['SBG', 'B365']",,,,2026.09.05-p5.5-coherent-complete-fields,2026.09.05-place-evidence-v4-fresh-offers,2026-09-17,13,False,SHADOW_ONLY,"['trip 99% (-0.2f)', 'contested pace', 'second run back']",20260930_085138
b4c649d8ed938b4f3113e965,2026-09-30T08:22:46+00:00,0.150659,0.38308,0.471495,2026-09-30,15:58,2026-09-30 15:58,Musselburgh,Weatherbys Stallion Book Handicap,Azuinthejungle,12,11.0,6.4,3.83,8,1,1,8,8,8,8,8,7,8,0.069897,0.231421,0.30816,0.930103,0.068047,0.243215,0.312627,0.905652,0.069897,0.219627,0.299866,0.0,1.179,0.829,0.0,-0.185,2.359,1.276,-2.445,0.0,0.5,0.65,0.0,82.31,100.0,0.0393,5.23,4.9,-0.34,0.986,1.0,1.321,-0.186,0.163,0.0,1.0,False,0.0029,-2.15,NO BET,False,['outside_validated_place_pocket'],,ELO E/W,4.0,"['SBG', 'B365']",8.2,240.0,11.71,2026.09.05-p5.5-coherent-complete-fields,2026.09.05-place-evidence-v4-fresh-offers,2026-09-17,13,False,SHADOW_ONLY,"['trip 99% (-0.3f)', 'contested pace']",20260930_085138
6f91aa1e3380b32aef845ce9,2026-09-30T08:22:46+00:00,0.092364,0.295218,0.370088,2026-09-30,15:58,2026-09-30 15:58,Musselburgh,Weatherbys Stallion Book Handicap,Call Margot,12,15.0,29.36,62.45,9,12,12,9,10,10,10,9,10,10,0.051258,0.13347,0.191085,0.948742,0.050531,0.102326,0.171349,0.926086,0.051258,0.164615,0.227736,0.0,-3.114,-3.665,0.0,-0.073,-6.229,-5.639,-2.266,0.0,0.5,0.65,0.0,79.66,100.0,0.0647,5.0,4.9,-0.1,0.999,1.0,1.321,0.009,-0.145,0.0,1.0,False,-0.0246,-2.15,NO BET,False,['no_dual_p4_raw_value'],,,4.0,"['SBG', 'B365']",,,,2026.09.05-p5.5-coherent-complete-fields,2026.09.05-place-evidence-v4-fresh-offers,2026-09-17,13,False,SHADOW_ONLY,"['trip 100% (-0.1f)', 'contested pace']",20260930_085138
47071c7111e10c5f5ae80b81,2026-09-30T08:22:46+00:00,0.083945,0.264545,0.333608,2026-09-30,15:58,2026-09-30 15:58,Musselburgh,Weatherbys Stallion Book Handicap,Lipsink,12,17.0,27.73,50.1,10,11,11,10,11,12,11,11,11,12,0.045227,0.122662,0.143189,0.954773,0.042423,0.099079,0.110897,0.933329,0.045227,0.146245,0.203161,0.0,-2.358,-5.997,0.0,-0.28,-4.717,-9.226,-2.144,0.0,0.5,0.65,0.0,83.09,100.0,0.0478,5.58,4.9,-0.69,0.943,1.0,1.321,-0.49,0.49,0.0,1.0,False,0.0122,-2.15,NO BET,False,['no_dual_p4_raw_value'],,,4.0,"['SBG', 'B365']",,,,2026.09.05-p5.5-coherent-complete-fields,2026.09.05-place-evidence-v4-fresh-offers,2026-09-17,13,False,SHADOW_ONLY,"['trip 94% (-0.7f)', 'contested pace']",20260930_085138
1314fe0b853a177ee1ef0f37,2026-09-30T08:22:46+00:00,0.09112,0.264545,0.333608,2026-09-30,15:58,2026-09-30 15:58,Musselburgh,Weatherbys Stallion Book Handicap,Anaisa,12,17.0,15.76,15.97,10,8,6,10,9,9,9,10,9,9,0.045227,0.137012,0.203403,0.954773,0.045115,0.127779,0.203533,0.913364,0.045227,0.146245,0.203161,0.0,-0.923,0.024,0.0,-0.011,-1.847,0.037,-4.141,0.0,0.5,0.65,0.0,81.84,100.0,0.0478,5.94,4.9,-1.04,0.873,1.0,1.321,-0.195,0.189,0.0,1.0,False,0.0021,-2.15,NO BET,False,['outside_validated_place_pocket'],,,4.0,"['SBG', 'B365']",8.2,250.0,19.15,2026.09.05-p5.5-coherent-complete-fields,2026.09.05-place-evidence-v4-fresh-offers,2026-09-17,13,False,SHADOW_ONLY,"['trip 87% (-1.0f)', 'contested pace']",20260930_085138
5bc4e71fbff88267494696ff,2026-09-30T08:22:46+00:00,0.067316,0.218804,0.278279,2026-09-30,15:58,2026-09-30 15:58,Musselburgh,Weatherbys Stallion Book Handicap,Hanney Girl,12,21.0,15.86,13.87,12,9,4,12,12,11,12,12,12,11,0.036613,0.098019,0.148438,0.963387,0.031516,0.076509,0.138437,0.91286,0.036613,0.119528,0.167011,0.0,-2.151,-1.857,0.0,-0.51,-4.302,-2.857,-5.053,0.0,0.5,0.65,0.0,78.41,100.0,0.0647,5.05,4.9,-0.16,0.997,1.0,1.321,-0.598,0.688,0.0,1.0,False,-0.0058,-2.15,NO BET,False,['outside_validated_place_pocket'],,,4.0,"['SBG', 'B365']",8.0,250.0,19.99,2026.09.05-p5.5-coherent-complete-fields,2026.09.05-place-evidence-v4-fresh-offers,2026-09-17,13,False,SHADOW_ONLY,"['trip 100% (-0.2f)', 'contested pace']",20260930_085138
406a5929d40899484e055567,2026-09-30T08:22:46+00:00,0.44288,0.901451,0.961064,2026-09-30,16:05,2026-09-30 16:05,Sligo,Frank O'Beirne Memorial Beginners Chase,Down Around,8,3.25,3.06,2.64,1,1,1,1,1,1,1,1,1,1,0.260841,0.624919,0.758725,0.739159,0.215702,0.583912,0.734056,0.799524,0.260841,0.665925,0.804538,0.0,-4.101,-4.581,0.0,-4.514,-8.201,-7.048,6.036,0.0,0.5,0.65,0.0,91.92,100.0,0.075,23.3,25.9,2.59,0.688,1.0,1.291,-0.073,0.537,0.0,1.0,False,-0.0011,0.26,NO BET,False,['no_genuine_four_place_terms'],,,0.0,[],3.4,8.0,10.29,2026.09.05-p5.5-coherent-complete-fields,2026.09.05-place-evidence-v4-fresh-offers,2026-09-17,13,False,SHADOW_ONLY,"['trip 69% (+2.6f)', 'contested pace']",20260930_085138
047c8b66040325e78de68ab4,2026-09-30T08:22:46+00:00,0.402573,0.87095,0.944797,2026-09-30,16:05,2026-09-30 16:05,Sligo,Frank O'Beirne Memorial Beginners Chase,Affinity Rock,8,3.75,8.47,11.9,2,4,4,2,2,2,2,2,2,2,0.226062,0.579085,0.689105,0.773938,0.191245,0.544635,0.650672,0.918665,0.226062,0.613534,0.760481,0.0,-3.445,-7.138,0.0,-3.482,-6.89,-10.981,14.473,0.0,0.5,0.65,0.0,79.1,100.0,0.058,21.82,25.9,4.08,0.397,1.0,1.291,-0.06,0.581,0.0,1.0,False,-0.0246,0.26,NO BET,False,"['no_genuine_four_place_terms', 'no_dual_p4_raw_value']",,,0.0,[],,,,2026.09.05-p5.5-coherent-complete-fields,2026.09.05-place-evidence-v4-fresh-offers,2026-09-17,13,False,SHADOW_ONLY,"['trip 40% (+4.1f)', 'contested pace']",20260930_085138
927131412d0548540706683e,2026-09-30T08:22:46+00:00,0.266581,0.678441,0.813239,2026-09-30,16:05,2026-09-30 16:05,Sligo,Frank O'Beirne Memorial Beginners Chase,Only For Our Man,8,7.0,6.56,6.26,3,3,3,3,3,3,3,3,3,3,0.121105,0.412058,0.563474,0.878895,0.138708,0.434536,0.579249,0.887719,0.121105,0.38958,0.534177,0.0,2.248,2.93,0.0,1.76,4.496,4.507,0.882,0.0,0.5,0.65,0.0,80.98,100.0,0.0919,20.08,25.9,5.82,0.195,1.0,1.291,0.099,-0.13,0.0,1.0,False,0.0136,0.26,NO BET,False,['no_genuine_four_place_terms'],,,0.0,[],5.0,25.0,12.2,2026.09.05-p5.5-coherent-complete-fields,2026.09.05-place-evidence-v4-fresh-offers,2026-09-17,13,False,SHADOW_ONLY,"['trip 20% (+5.8f)', 'contested pace']",20260930_085138
20f34ea4474cb719c9a3a22d,2026-09-30T08:22:46+00:00,0.23361,0.605217,0.750909,2026-09-30,16:05,2026-09-30 16:05,Sligo,Frank O'Beirne Memorial Beginners Chase,Walkingmayotomilan,8,8.5,5.86,4.25,4,2,2,4,4,4,4,4,4,4,0.099733,0.367487,0.504697,0.900267,0.126505,0.404582,0.527066,0.860369,0.099733,0.330392,0.463154,0.0,3.709,4.154,0.0,2.677,7.419,6.391,-3.99,0.0,0.5,0.65,0.0,76.9,75.0,0.098,21.88,25.9,4.01,0.409,0.667,1.291,0.052,0.0,0.0,1.0,False,0.0012,0.26,NO BET,False,['no_genuine_four_place_terms'],,,0.0,[],,,,2026.09.05-p5.5-coherent-complete-fields,2026.09.05-place-evidence-v4-fresh-offers,2026-09-17,13,False,SHADOW_ONLY,"['trip 41% (+4.0f)', 'contested pace']",20260930_085138
50063ba563fb0f5da2887942,2026-09-30T08:22:46+00:00,0.191621,0.5431,0.69239,2026-09-30,16:05,2026-09-30 16:05,Sligo,Frank O'Beirne Memorial Beginners Chase,Mags Nelson,8,10.0,15.68,27.29,5,5,6,5,5,5,5,5,5,5,0.084773,0.29847,0.430349,0.915227,0.100917,0.310581,0.442736,0.876325,0.084773,0.286358,0.407344,0.0,1.211,2.3,0.0,1.614,2.422,3.539,-3.89,0.0,0.5,0.65,0.0,82.05,87.5,0.0726,22.19,25.9,3.7,0.589,1.0,1.291,0.016,0.058,0.0,1.0,False,-0.0072,0.26,NO BET,False,"['no_genuine_four_place_terms', 'no_dual_p4_raw_value']",,,0.0,[],,,,2026.09.05-p5.5-coherent-complete-fields,2026.09.05-place-evidence-v4-fresh-offers,2026-09-17,13,False,SHADOW_ONLY,"['trip 59% (+3.7f)', 'contested pace']",20260930_085138
c83c9e2d7373f4319551cd34,2026-09-30T08:22:46+00:00,0.171759,0.507249,0.656113,2026-09-30,16:05,2026-09-30 16:05,Sligo,Frank O'Beirne Memorial Beginners Chase,Bergamasquo,8,11.0,17.1,30.14,6,7,7,6,6,6,6,6,6,6,0.077067,0.266451,0.386742,0.922933,0.085311,0.270038,0.392182,0.879791,0.077067,0.262864,0.376639,0.0,0.359,1.01,0.0,0.824,0.717,1.554,-4.314,0.0,0.5,0.65,0.0,78.31,87.5,0.1065,20.59,25.9,5.31,0.309,0.833,1.291,-0.02,0.108,0.28,0.72,False,-0.0141,0.26,NO BET,False,"['no_genuine_four_place_terms', 'no_dual_p4_raw_value']",,,0.0,[],,,,2026.09.05-p5.5-coherent-complete-fields,2026.09.05-place-evidence-v4-fresh-offers,2026-09-17,13,False,SHADOW_ONLY,"['trip 31% (+5.3f)', 'contested pace']",20260930_085138
2323e2ab02159466fee2fe59,2026-09-30T08:22:46+00:00,0.150958,0.446796,0.590744,2026-09-30,16:05,2026-09-30 16:05,Sligo,Frank O'Beirne Memorial Beginners Chase,Benner Wenner,8,13.0,16.56,22.6,7,6,5,7,7,7,7,7,7,7,0.06521,0.236706,0.338946,0.93479,0.078533,0.24774,0.345468,0.883562,0.06521,0.225673,0.326833,0.0,1.103,1.211,0.0,1.332,2.207,1.863,-5.123,0.0,0.5,0.65,0.0,78.91,62.5,0.0955,23.87,25.9,2.03,0.796,0.5,1.291,0.052,0.0,0.0,1.0,False,0.0096,0.26,NO BET,False,['low_data_coverage'],,,0.0,[],,,,2026.09.05-p5.5-coherent-complete-fields,2026.09.05-place-evidence-v4-fresh-offers,2026-09-17,13,False,SHADOW_ONLY,"['trip 80% (+2.0f)', 'contested pace']",20260930_085138
48cc356e2c54a6921c7c0b9b,2026-09-30T08:22:46+00:00,0.140017,0.446796,0.590744,2026-09-30,16:05,2026-09-30 16:05,Sligo,Frank O'Beirne Memorial Beginners Chase,River Tara,8,13.0,19.99,36.22,7,8,8,7,8,8,8,8,8,8,0.06521,0.214824,0.327963,0.93479,0.063079,0.203976,0.328571,0.900928,0.06521,0.225673,0.326833,0.0,-1.085,0.113,0.0,-0.213,-2.17,0.174,-3.386,0.0,0.5,0.65,0.0,81.49,87.5,0.0828,18.84,25.9,7.05,0.063,0.667,1.291,0.03,0.0,0.0,1.0,True,-0.0003,0.26,NO BET,False,"['no_genuine_four_place_terms', 'no_dual_p4_raw_value']",,,0.0,[],,,,2026.09.05-p5.5-coherent-complete-fields,2026.09.05-place-evidence-v4-fresh-offers,2026-09-17,13,False,SHADOW_ONLY,"['trip 6% (+7.0f)', 'contested pace', 'second run back']",20260930_085138
cae9ffb936a172c3bcca9b77,2026-09-30T08:22:46+00:00,0.409235,0.845105,0.922256,2026-09-30,16:15,2026-09-30 16:15,Catterick,Bet At racingtv.com Handicap (Div 2),Mo Anam Chara,9,3.75,4.09,3.68,1,1,1,1,2,2,2,2,2,2,0.223413,0.595057,0.717965,0.776587,0.208748,0.595125,0.70819,0.854165,0.223413,0.594988,0.73612,0.0,0.007,-1.815,0.0,-1.467,0.014,-2.793,7.758,0.0,0.5,0.65,0.0,90.36,100.0,0.0732,7.42,7.01,-0.41,0.979,1.0,0.814,-0.034,0.078,0.0,1.0,False,-0.0117,-0.25,NO BET,False,"['no_genuine_four_place_terms', 'no_dual_p4_raw_value']",,,0.0,[],,,,2026.09.05-p5.5-coherent-complete-fields,2026.09.05-place-evidence-v4-fresh-offers,2026-09-17,13,False,SHADOW_ONLY,"['trip 98% (-0.4f)', 'genuine pace']",20260930_085138
6b077ced92c652e4da04f704,2026-09-30T08:22:46+00:00,0.409793,0.845105,0.922256,2026-09-30,16:15,2026-09-30 16:15,Catterick,Bet At racingtv.com Handicap (Div 2),Vince Le Prince,9,3.75,4.67,4.64,1,2,2,1,1,1,1,1,1,1,0.223413,0.596173,0.721898,0.776587,0.212418,0.597357,0.71424,0.857603,0.223413,0.594988,0.73612,0.0,0.118,-1.422,0.0,-1.099,0.237,-2.188,8.102,0.0,0.5,0.65,0.0,84.26,100.0,0.0478,7.05,7.01,-0.04,1.0,1.0,0.814,0.033,0.329,0.0,1.0,False,-0.0058,-0.25,NO BET,False,"['no_genuine_four_place_terms', 'no_dual_p4_raw_value']",,,0.0,[],5.0,8.2,10.36,2026.09.05-p5.5-coherent-complete-fields,2026.09.05-place-evidence-v4-fresh-offers,2026-09-17,13,False,SHADOW_ONLY,"['trip 100% (-0.0f)', 'genuine pace']",20260930_085138
f9e4a51e2124fbc7d965bf4e,2026-09-30T08:22:46+00:00,0.244224,0.614444,0.742211,2026-09-30,16:15,2026-09-30 16:15,Catterick,Bet At racingtv.com Handicap (Div 2),Black Storm,9,7.5,7.72,7.16,3,3,4,3,3,3,3,3,3,3,0.111707,0.376742,0.524879,0.888293,0.12559,0.399517,0.547283,0.904061,0.111707,0.353967,0.483272,0.0,2.277,4.161,0.0,1.388,4.555,6.401,1.577,0.0,0.5,0.65,0.0,83.42,100.0,0.0478,7.08,7.01,-0.07,0.999,1.0,0.814,-0.022,0.125,0.0,1.0,False,-0.0052,-0.25,NO BET,False,"['no_genuine_four_place_terms', 'no_dual_p4_raw_value']",,,0.0,[],6.0,240.0,10.09,2026.09.05-p5.5-coherent-complete-fields,2026.09.05-place-evidence-v4-fresh-offers,2026-09-17,13,False,SHADOW_ONLY,"['trip 100% (-0.1f)', 'genuine pace']",20260930_085138
890c9201922d3789e5b424b5,2026-09-30T08:22:46+00:00,0.224112,0.567096,0.697776,2026-09-30,16:15,2026-09-30 16:15,Catterick,Bet At racingtv.com Handicap (Div 2),Indefensible,9,8.5,7.79,6.71,4,4,3,4,4,4,4,4,4,4,0.098565,0.349659,0.491771,0.901435,0.113385,0.381445,0.520024,0.884612,0.098565,0.317872,0.439303,0.0,3.179,5.247,0.0,1.482,6.357,8.072,-1.682,0.0,0.5,0.65,0.0,83.42,100.0,0.0478,6.98,7.01,0.03,1.0,1.0,0.814,-0.074,-0.086,0.0,1.0,False,-0.0208,-0.25,NO BET,False,['no_genuine_four_place_terms'],,,0.0,[],6.0,240.0,10.17,2026.09.05-p5.5-coherent-complete-fields,2026.09.05-place-evidence-v4-fresh-offers,2026-09-17,13,False,SHADOW_ONLY,"['trip 100% (+0.0f)', 'genuine pace']",20260930_085138
a5a0b6802a256ab778340a59,2026-09-30T08:22:46+00:00,0.193586,0.545564,0.676711,2026-09-30,16:15,2026-09-30 16:15,Catterick,Bet At racingtv.com Handicap (Div 2),Imperial Guard,9,9.0,10.9,11.77,5,5,5,5,5,5,5,6,5,5,0.093089,0.294083,0.424069,0.906911,0.089573,0.2858,0.426288,0.892002,0.093089,0.302366,0.41995,0.0,-0.828,0.412,0.0,-0.352,-1.657,0.634,-1.491,0.0,0.5,0.65,0.0,82.49,100.0,0.0647,6.32,7.01,0.69,0.942,1.0,0.814,-0.059,-0.108,0.0,1.0,False,-0.0117,-0.25,NO BET,False,"['no_genuine_four_place_terms', 'no_dual_p4_raw_value']",,,0.0,[],8.0,250.0,17.42,2026.09.05-p5.5-coherent-complete-fields,2026.09.05-place-evidence-v4-fresh-offers,2026-09-17,13,False,SHADOW_ONLY,"['trip 94% (+0.7f)', 'genuine pace']",20260930_085138
69757bd7ed529c448cccd359,2026-09-30T08:22:46+00:00,0.192337,0.545564,0.676711,2026-09-30,16:15,2026-09-30 16:15,Catterick,Bet At racingtv.com Handicap (Div 2),Zarvali,9,9.0,15.87,22.35,5,6,6,5,6,6,6,5,6,6,0.093089,0.291585,0.409214,0.906911,0.089965,0.280804,0.403433,0.901863,0.093089,0.302366,0.41995,0.0,-1.078,-1.074,0.0,-0.312,-2.156,-1.652,-0.505,0.0,0.5,0.65,0.0,83.42,100.0,0.0478,6.54,7.01,0.47,0.973,1.0,0.814,-0.101,-0.289,0.0,1.0,False,0.0062,-0.25,NO BET,False,"['no_genuine_four_place_terms', 'no_dual_p4_raw_value']",,,0.0,[],,,,2026.09.05-p5.5-coherent-complete-fields,2026.09.05-place-evidence-v4-fresh-offers,2026-09-17,13,False,SHADOW_ONLY,"['trip 97% (+0.5f)', 'genuine pace']",20260930_085138
c80643b1e9bc3c35569f79a3,2026-09-30T08:22:46+00:00,0.140148,0.41428,0.536501,2026-09-30,16:15,2026-09-30 16:15,Catterick,Bet At racingtv.com Handicap (Div 2),Educating Rita,9,13.0,20.08,28.22,7,7,7,7,7,7,7,7,7,7,0.064446,0.21585,0.320722,0.935554,0.071279,0.214777,0.327138,0.905401,0.064446,0.216924,0.308807,0.0,-0.107,1.192,0.0,0.683,-0.215,1.833,-3.015,0.0,0.5,0.65,0.0,82.49,100.0,0.0647,5.99,7.01,1.02,0.878,1.0,0.814,-0.08,-0.13,0.0,1.0,False,-0.0337,-0.25,NO BET,False,"['no_genuine_four_place_terms', 'no_dual_p4_raw_value']",,,0.0,[],,,,2026.09.05-p5.5-coherent-complete-fields,2026.09.05-place-evidence-v4-fresh-offers,2026-09-17,13,False,SHADOW_ONLY,"['trip 88% (+1.0f)', 'genuine pace']",20260930_085138
5d7d0ae0b4335eccb7352dfb,2026-09-30T08:22:46+00:00,0.117893,0.368563,0.483282,2026-09-30,16:15,2026-09-30 16:15,Catterick,Bet At racingtv.com Handicap (Div 2),Yaajooz,9,15.0,23.74,35.08,8,8,9,8,8,8,8,8,8,8,0.055853,0.179933,0.248633,0.944147,0.058407,0.16995,0.235919,0.920136,0.055853,0.189915,0.272245,0.0,-0.998,-2.361,0.0,0.255,-1.997,-3.633,-2.401,0.0,0.5,0.65,0.0,82.49,100.0,0.0647,7.4,7.01,-0.39,0.982,1.0,0.814,-0.065,-0.081,0.0,1.0,False,-0.0022,-0.25,NO BET,False,"['no_genuine_four_place_terms', 'no_dual_p4_raw_value']",,,0.0,[],6.0,250.0,18.75,2026.09.05-p5.5-coherent-complete-fields,2026.09.05-place-evidence-v4-fresh-offers,2026-09-17,13,False,SHADOW_ONLY,"['trip 98% (-0.4f)', 'genuine pace']",20260930_085138
5d2950738bfda90d1d9b21c7,2026-09-30T08:22:46+00:00,0.068673,0.254278,0.342296,2026-09-30,16:15,2026-09-30 16:15,Catterick,Bet At racingtv.com Handicap (Div 2),Fools Rush In,9,23.0,27.11,33.41,9,9,8,9,9,9,9,9,9,9,0.036426,0.100919,0.140847,0.963574,0.030634,0.075224,0.117485,0.92739,0.036426,0.126614,0.184234,0.0,-2.569,-4.339,0.0,-0.579,-5.139,-6.675,-3.618,0.0,0.5,0.65,0.0,82.26,100.0,0.069,7.66,7.01,-0.65,0.949,1.0,0.814,-0.065,-0.081,0.22,0.78,False,0.0226,-0.25,NO BET,False,"['no_genuine_four_place_terms', 'no_dual_p4_raw_value']",,,0.0,[],,,,2026.09.05-p5.5-coherent-complete-fields,2026.09.05-place-evidence-v4-fresh-offers,2026-09-17,13,False,SHADOW_ONLY,"['trip 95% (-0.7f)', 'genuine pace']",20260930_085138
4d43a08b7fbe5a69b4986d2f,2026-09-30T08:22:46+00:00,0.618859,0.974475,0.992052,2026-09-30,16:25,2026-09-30 16:25,Kempton,Unibet/British Stallion Studs EBF Restricted Novice Stakes (GBB Race),Real Bullet,10,1.83,2.78,3.65,1,1,1,1,1,1,1,1,1,1,0.422776,0.814943,0.875546,0.577224,0.31642,0.782772,0.844745,0.560336,0.422776,0.847113,0.932747,0.0,-3.217,-5.72,0.0,-10.636,-6.434,-8.8,-1.689,0.0,0.5,0.65,0.0,93.2,62.5,0.0859,5.95,5.87,-0.09,0.999,0.333,1.021,0.005,-0.163,0.0,1.0,False,0.0173,-2.18,NO BET,False,['low_data_coverage'],,,0.0,[],,,,2026.09.05-p5.5-coherent-complete-fields,2026.09.05-place-evidence-v4-fresh-offers,2026-09-17,13,False,SHADOW_ONLY,"['trip 100% (-0.1f)', 'genuine pace']",20260930_085138
119e73bfeef90d76553650d2,2026-09-30T08:22:46+00:00,0.282771,0.71243,0.828104,2026-09-30,16:25,2026-09-30 16:25,Kempton,Unibet/British Stallion Studs EBF Restricted Novice Stakes (GBB Race),Quai Louis,10,6.5,10.09,12.85,2,4,4,2,2,2,2,2,2,4,0.119028,0.446515,0.580487,0.880972,0.165396,0.471616,0.583955,0.91119,0.119028,0.421415,0.574046,0.0,2.51,0.644,0.0,4.637,5.02,0.991,3.022,0.0,0.5,0.65,0.0,78.47,37.5,0.1174,7.17,5.87,-1.3,0.809,0.167,1.021,0.0,0.0,0.22,0.78,False,-0.0088,-2.18,NO BET,False,['low_data_coverage'],,,0.0,[],,,,2026.09.05-p5.5-coherent-complete-fields,2026.09.05-place-evidence-v4-fresh-offers,2026-09-17,13,False,SHADOW_ONLY,"['trip 81% (-1.3f)', 'genuine pace']",20260930_085138
2e8e06d90b6377b291c2d7b6,2026-09-30T08:22:46+00:00,0.258132,0.660932,0.78579,2026-09-30,16:25,2026-09-30 16:25,Kempton,Unibet/British Stallion Studs EBF Restricted Novice Stakes (GBB Race),Marhaba Ya Tayib,10,7.5,8.04,6.76,3,3,3,3,4,4,3,4,4,3,0.103157,0.413107,0.570363,0.896843,0.133439,0.451584,0.597038,0.91659,0.103157,0.374631,0.520824,0.0,3.848,4.954,0.0,3.028,7.695,7.621,1.975,0.0,0.5,0.65,0.0,82.4,37.5,0.1004,5.99,5.87,-0.12,0.998,0.167,1.021,0.0,0.0,0.0,1.0,False,-0.0136,-2.18,NO BET,False,['low_data_coverage'],,,0.0,[],,,,2026.09.05-p5.5-coherent-complete-fields,2026.09.05-place-evidence-v4-fresh-offers,2026-09-17,13,False,SHADOW_ONLY,"['trip 100% (-0.1f)', 'genuine pace']",20260930_085138
2f24a613a2794f0a187b3c20,2026-09-30T08:22:46+00:00,0.258613,0.660932,0.78579,2026-09-30,16:25,2026-09-30 16:25,Kempton,Unibet/British Stallion Studs EBF Restricted Novice Stakes (GBB Race),Birkett Bank,10,7.5,6.52,3.69,3,2,2,3,3,3,4,3,3,2,0.103157,0.414068,0.57287,0.896843,0.142677,0.453505,0.600895,0.913723,0.103157,0.374631,0.520824,0.0,3.944,5.205,0.0,3.952,7.887,8.007,1.688,0.0,0.5,0.65,0.0,80.33,37.5,0.0835,5.99,5.87,-0.12,0.998,0.167,1.021,-0.056,0.25,0.0,1.0,False,-0.013,-2.18,NO BET,False,['low_data_coverage'],,,0.0,[],,,,2026.09.05-p5.5-coherent-complete-fields,2026.09.05-place-evidence-v4-fresh-offers,2026-09-17,13,False,SHADOW_ONLY,"['trip 100% (-0.1f)', 'genuine pace']",20260930_085138
e2093611545ae7d8738e0e7d,2026-09-30T08:22:46+00:00,0.167424,0.517512,0.652313,2026-09-30,16:25,2026-09-30 16:25,Kempton,Unibet/British Stallion Studs EBF Restricted Novice Stakes (GBB Race),Till Then,10,11.0,17.19,32.82,5,5,10,5,5,5,5,5,5,5,0.070335,0.264513,0.403544,0.929665,0.07727,0.261157,0.412005,0.923844,0.070335,0.26787,0.387831,0.0,-0.336,1.571,0.0,0.694,-0.671,2.417,-0.582,0.0,0.5,0.65,0.0,75.71,0.0,0.222,,5.87,,,0.0,1.021,0.0,0.0,,,False,-0.005,-2.18,NO BET,False,['low_data_coverage'],,,0.0,[],,,,2026.09.05-p5.5-coherent-complete-fields,2026.09.05-place-evidence-v4-fresh-offers,2026-09-17,13,False,SHADOW_ONLY,['genuine pace'],20260930_085138
0bb9c09a1a3d04dce2977de7,2026-09-30T08:22:46+00:00,0.148109,0.485671,0.619427,2026-09-30,16:25,2026-09-30 16:25,Kempton,Unibet/British Stallion Studs EBF Restricted Novice Stakes (GBB Race),Brynmair Gold,10,12.0,17.32,28.57,6,6,8,6,6,6,6,6,6,6,0.064473,0.231744,0.332758,0.935527,0.062601,0.216005,0.317689,0.906135,0.064473,0.247483,0.360745,0.0,-1.574,-2.799,0.0,-0.187,-3.148,-4.306,-2.939,0.0,0.5,0.65,0.0,75.71,0.0,0.222,,5.87,,,0.0,1.021,0.0,0.0,,,False,0.0084,-2.18,NO BET,False,['low_data_coverage'],,,0.0,[],,,,2026.09.05-p5.5-coherent-complete-fields,2026.09.05-place-evidence-v4-fresh-offers,2026-09-17,13,False,SHADOW_ONLY,['genuine pace'],20260930_085138
6f84815654a9283b746998a4,2026-09-30T08:22:46+00:00,0.106334,0.368525,0.4879,2026-09-30,16:25,2026-09-30 16:25,Kempton,Unibet/British Stallion Studs EBF Restricted Novice Stakes (GBB Race),Just Zain,10,17.0,21.89,30.84,7,8,9,7,7,7,7,7,7,7,0.045511,0.167157,0.249053,0.954489,0.038125,0.155338,0.239753,0.91771,0.045511,0.178977,0.266325,0.0,-1.182,-1.727,0.0,-0.739,-2.364,-2.657,-3.678,0.0,0.5,0.65,0.0,74.21,0.0,0.222,,5.87,,,0.0,1.021,0.0,0.0,,,False,0.0057,-2.18,NO BET,False,['low_data_coverage'],,,0.0,[],,,,2026.09.05-p5.5-coherent-complete-fields,2026.09.05-place-evidence-v4-fresh-offers,2026-09-17,13,False,SHADOW_ONLY,['genuine pace'],20260930_085138
597d8ee59ecaa7b4b41ae05c,2026-09-30T08:22:46+00:00,0.080668,0.284098,0.384339,2026-09-30,16:25,2026-09-30 16:25,Kempton,Unibet/British Stallion Studs EBF Restricted Novice Stakes (GBB Race),Sol Dorado,10,23.0,21.83,17.6,8,7,5,8,8,8,8,8,8,8,0.033638,0.127698,0.218014,0.966362,0.03065,0.121203,0.226591,0.917024,0.033638,0.134193,0.202084,0.0,-0.649,1.593,0.0,-0.299,-1.299,2.451,-4.934,0.0,0.5,0.65,0.0,82.3,50.0,0.075,6.15,5.87,-0.28,0.99,0.333,1.021,0.006,-0.13,0.0,1.0,False,-0.038,-2.18,NO BET,False,['low_data_coverage'],,,0.0,[],,,,2026.09.05-p5.5-coherent-complete-fields,2026.09.05-place-evidence-v4-fresh-offers,2026-09-17,13,False,SHADOW_ONLY,"['trip 99% (-0.3f)', 'genuine pace']",20260930_085138
7cc45a30e97c619507760d19,2026-09-30T08:22:46+00:00,0.051903,0.199308,0.274569,2026-09-30,16:25,2026-09-30 16:25,Kempton,Unibet/British Stallion Studs EBF Restricted Novice Stakes (GBB Race),Sea Angie Run,10,34.0,31.27,25.64,9,9,6,9,9,9,9,9,9,9,0.022755,0.081051,0.130419,0.977245,0.023936,0.070176,0.125332,0.923499,0.022755,0.091926,0.139867,0.0,-1.087,-0.945,0.0,0.118,-2.175,-1.454,-5.375,0.0,0.5,0.65,0.0,82.63,50.0,0.0962,6.36,5.87,-0.49,0.971,0.333,1.021,-0.048,0.163,0.0,1.0,False,0.0438,-2.18,NO BET,False,['low_data_coverage'],,,0.0,[],,,,2026.09.05-p5.5-coherent-complete-fields,2026.09.05-place-evidence-v4-fresh-offers,2026-09-17,13,False,SHADOW_ONLY,"['trip 97% (-0.5f)', 'genuine pace']",20260930_085138
d0506f66e71142f18df82a8a,2026-09-30T08:22:46+00:00,0.027187,0.136117,0.189718,2026-09-30,16:25,2026-09-30 16:25,Kempton,Unibet/British Stallion Studs EBF Restricted Novice Stakes (GBB Race),Romeo Guest,10,51.0,41.08,28.0,10,10,7,10,10,10,10,10,10,10,0.01517,0.039203,0.066946,0.98483,0.009486,0.016644,0.051998,0.924516,0.01517,0.061762,0.094707,0.0,-2.256,-2.776,0.0,-0.568,-4.512,-4.271,-6.031,0.0,0.5,0.65,0.0,83.57,50.0,0.0792,5.89,5.87,-0.03,1.0,0.333,1.021,0.005,-0.163,0.0,1.0,True,0.0041,-2.18,NO BET,False,['low_data_coverage'],,,0.0,[],,,,2026.09.05-p5.5-coherent-complete-fields,2026.09.05-place-evidence-v4-fresh-offers,2026-09-17,13,False,SHADOW_ONLY,"['trip 100% (-0.0f)', 'genuine pace', 'second run back']",20260930_085138
26db31a4fd51ec8cd6567931,2026-09-30T08:22:46+00:00,0.577695,0.977049,0.996038,2026-09-30,16:33,2026-09-30 16:33,Musselburgh,Global Home Of Outdoor Advertising Nursery,Stay On Tab,7,2.2,5.4,7.71,1,2,3,1,1,1,1,1,1,1,0.376298,0.779091,0.896386,0.623702,0.295341,0.736289,0.880562,0.671067,0.376298,0.821892,0.925774,0.0,-4.28,-2.939,0.0,-8.096,-8.56,-4.521,4.737,0.0,0.5,0.65,0.0,85.39,100.0,0.0308,5.38,4.9,-0.48,0.971,1.0,1.329,-0.01,0.442,0.0,1.0,False,0.0142,-2.15,NO BET,False,"['no_genuine_four_place_terms', 'no_dual_p4_raw_value']",,,0.0,[],,,,2026.09.05-p5.5-coherent-complete-fields,2026.09.05-place-evidence-v4-fresh-offers,2026-09-17,13,False,SHADOW_ONLY,"['trip 97% (-0.5f)', 'contested pace']",20260930_085138
3557f3f147ce4e9e86940456,2026-09-30T08:22:46+00:00,0.383792,0.884604,0.96713,2026-09-30,16:33,2026-09-30 16:33,Musselburgh,Global Home Of Outdoor Advertising Nursery,Lairy Mary,7,4.5,2.63,2.13,2,1,1,2,2,2,2,2,2,2,0.183968,0.583616,0.757745,0.816032,0.205328,0.586437,0.760552,0.889244,0.183968,0.580794,0.752534,0.0,0.282,0.521,0.0,2.136,0.564,0.802,7.321,0.0,0.5,0.65,0.0,88.53,100.0,0.0647,5.28,4.9,-0.39,0.982,1.0,1.329,-0.009,0.328,0.0,1.0,False,-0.0058,-2.15,NO BET,False,['no_genuine_four_place_terms'],,,0.0,[],6.4,10.0,57.98,2026.09.05-p5.5-coherent-complete-fields,2026.09.05-place-evidence-v4-fresh-offers,2026-09-17,13,False,SHADOW_ONLY,"['trip 98% (-0.4f)', 'contested pace']",20260930_085138
78aa37c49c25d461443ee8be,2026-09-30T08:22:46+00:00,0.305358,0.8119,0.935641,2026-09-30,16:33,2026-09-30 16:33,Musselburgh,Global Home Of Outdoor Advertising Nursery,Calef,7,6.0,6.8,4.06,3,3,2,3,3,3,3,3,3,3,0.137976,0.47274,0.657201,0.862024,0.156158,0.472596,0.660878,0.908195,0.137976,0.472885,0.650371,0.0,-0.014,0.683,0.0,1.818,-0.029,1.051,4.617,0.0,0.5,0.65,0.0,84.1,100.0,0.0478,5.03,4.9,-0.13,0.998,1.0,1.329,0.031,0.143,0.0,1.0,False,-0.0088,-2.15,NO BET,False,"['no_genuine_four_place_terms', 'no_dual_p4_raw_value']",,,0.0,[],,,,2026.09.05-p5.5-coherent-complete-fields,2026.09.05-place-evidence-v4-fresh-offers,2026-09-17,13,False,SHADOW_ONLY,"['trip 100% (-0.1f)', 'contested pace']",20260930_085138
62a5488ae66d09b3404530e6,2026-09-30T08:22:46+00:00,0.241526,0.695457,0.871211,2026-09-30,16:33,2026-09-30 16:33,Musselburgh,Global Home Of Outdoor Advertising Nursery,Yorkshire Dream,7,8.5,10.65,14.64,4,4,4,4,4,4,4,4,4,4,0.097395,0.385657,0.54382,0.902605,0.121296,0.416335,0.558294,0.883811,0.097395,0.354978,0.516939,0.0,3.068,2.688,0.0,2.39,6.136,4.136,-1.879,0.0,0.5,0.65,0.0,82.94,100.0,0.069,5.89,4.9,-1.0,0.883,0.833,1.329,0.135,-0.217,0.0,1.0,False,-0.0149,-2.15,NO BET,False,"['no_genuine_four_place_terms', 'no_dual_p4_raw_value']",,,0.0,[],,,,2026.09.05-p5.5-coherent-complete-fields,2026.09.05-place-evidence-v4-fresh-offers,2026-09-17,13,False,SHADOW_ONLY,"['trip 88% (-1.0f)', 'contested pace']",20260930_085138
d2a9c199b0915a64c0c32386,2026-09-30T08:22:46+00:00,0.215679,0.673955,0.857327,2026-09-30,16:33,2026-09-30 16:33,Musselburgh,Global Home Of Outdoor Advertising Nursery,Tricky Jenny,7,9.0,11.7,24.7,5,5,5,5,5,5,5,5,5,5,0.091984,0.339375,0.488836,0.908016,0.097999,0.34096,0.48533,0.905304,0.091984,0.337789,0.495346,0.0,0.159,-0.651,-0.0,0.601,0.317,-1.002,-0.271,0.0,0.5,0.65,0.0,85.04,100.0,0.0308,5.44,4.9,-0.54,0.964,1.0,1.329,-0.011,0.471,0.0,1.0,False,0.0294,-2.15,NO BET,False,"['no_genuine_four_place_terms', 'no_dual_p4_raw_value']",,,0.0,[],,,,2026.09.05-p5.5-coherent-complete-fields,2026.09.05-place-evidence-v4-fresh-offers,2026-09-17,13,False,SHADOW_ONLY,"['trip 96% (-0.5f)', 'contested pace']",20260930_085138
2f62ecb2c31878c486858c66,2026-09-30T08:22:46+00:00,0.157623,0.528541,0.742672,2026-09-30,16:33,2026-09-30 16:33,Musselburgh,Global Home Of Outdoor Advertising Nursery,North Coates,7,13.0,17.53,43.1,6,6,7,6,6,6,6,6,6,6,0.063681,0.251565,0.374014,0.936319,0.06889,0.260449,0.377271,0.92331,0.063681,0.242681,0.367967,0.0,0.888,0.605,0.0,0.521,1.777,0.93,-1.301,0.0,0.5,0.65,0.0,83.17,87.5,0.0647,5.72,4.9,-0.82,0.919,0.667,1.329,0.082,-0.163,0.34,0.66,False,-0.0022,-2.15,NO BET,False,"['no_genuine_four_place_terms', 'no_dual_p4_raw_value']",,,0.0,[],12.0,20.0,16.47,2026.09.05-p5.5-coherent-complete-fields,2026.09.05-place-evidence-v4-fresh-offers,2026-09-17,13,False,SHADOW_ONLY,"['trip 92% (-0.8f)', 'contested pace', 'last run compromised']",20260930_085138
15c0321546b22bf4fc60dd77,2026-09-30T08:22:46+00:00,0.118327,0.428494,0.629983,2026-09-30,16:33,2026-09-30 16:33,Musselburgh,Global Home Of Outdoor Advertising Nursery,Savoy Blue,7,17.0,19.4,42.91,7,7,6,7,7,7,7,7,7,7,0.048697,0.187957,0.281998,0.951303,0.054987,0.186934,0.277113,0.919477,0.048697,0.188981,0.29107,0.0,-0.102,-0.907,0.0,0.629,-0.205,-1.396,-3.183,0.0,0.5,0.65,0.0,83.64,87.5,0.0562,5.34,4.9,-0.44,0.976,0.667,1.329,0.132,-0.26,0.0,1.0,False,-0.0304,-2.15,NO BET,False,"['no_genuine_four_place_terms', 'no_dual_p4_raw_value']",,,0.0,[],11.0,600.0,13.71,2026.09.05-p5.5-coherent-complete-fields,2026.09.05-place-evidence-v4-fresh-offers,2026-09-17,13,False,SHADOW_ONLY,"['trip 98% (-0.4f)', 'contested pace']",20260930_085138
2cd832e418dcf1f83eb68948,2026-09-30T08:22:46+00:00,0.318164,0.678709,0.764219,2026-09-30,16:40,2026-09-30 16:40,Sligo,Brenda Anderson Memorial Handicap Chase (0-100),Swing Time,15,4.33,8.04,9.81,1,2,3,1,1,1,1,1,1,1,0.170334,0.465994,0.55109,0.829666,0.137405,0.472865,0.53688,0.947725,0.170334,0.459123,0.577558,0.0,0.687,-2.647,0.0,-3.293,1.374,-4.068,11.806,0.0,0.5,0.65,0.0,84.24,100.0,0.058,21.57,21.06,-0.52,0.985,1.0,0.882,-0.201,0.165,0.2,0.8,False,-0.0068,0.26,NO BET,False,['no_dual_p4_raw_value'],,,4.0,"['SBG', 'B365']",,,,2026.09.05-p5.5-coherent-complete-fields,2026.09.05-place-evidence-v4-fresh-offers,2026-09-17,13,False,SHADOW_ONLY,"['trip 98% (-0.5f)', 'genuine pace']",20260930_085138
40a544bf005baf8b0a62575c,2026-09-30T08:22:46+00:00,0.258937,0.626495,0.715611,2026-09-30,16:40,2026-09-30 16:40,Sligo,Brenda Anderson Memorial Handicap Chase (0-100),Wing Back,15,5.0,17.42,34.54,2,9,11,2,2,2,2,2,2,2,0.147509,0.370364,0.458036,0.852491,0.113623,0.329728,0.421917,0.951547,0.147509,0.410999,0.525194,0.0,-4.064,-6.716,0.0,-3.389,-8.127,-10.328,9.906,0.0,0.5,0.65,0.0,76.67,100.0,0.0411,18.27,21.06,2.79,0.65,1.0,0.882,-0.056,-0.177,0.0,1.0,False,0.0744,0.26,NO BET,False,['no_dual_p4_raw_value'],,,4.0,"['SBG', 'B365']",,,,2026.09.05-p5.5-coherent-complete-fields,2026.09.05-place-evidence-v4-fresh-offers,2026-09-17,13,False,SHADOW_ONLY,"['trip 65% (+2.8f)', 'genuine pace']",20260930_085138
5f61fa4119c5753de2f6c664,2026-09-30T08:22:46+00:00,0.182071,0.417806,0.501863,2026-09-30,16:40,2026-09-30 16:40,Sligo,Brenda Anderson Memorial Handicap Chase (0-100),Island Mccoo,15,9.0,12.25,13.67,3,4,6,3,3,3,4,3,3,3,0.08195,0.282193,0.382146,0.91805,0.093934,0.315209,0.40827,0.944282,0.08195,0.249176,0.333707,0.0,3.302,4.844,0.0,1.198,6.603,7.456,2.623,0.0,0.5,0.65,0.0,83.2,100.0,0.0496,22.0,21.06,-0.95,0.951,1.0,0.882,-0.068,-0.26,0.46,0.54,False,-0.0123,0.26,NO BET,False,['no_dual_p4_raw_value'],,,4.0,"['SBG', 'B365']",,,,2026.09.05-p5.5-coherent-complete-fields,2026.09.05-place-evidence-v4-fresh-offers,2026-09-17,13,False,SHADOW_ONLY,"['trip 95% (-0.9f)', 'genuine pace', 'last run compromised']",20260930_085138
0bee242befeaf04dd976403a,2026-09-30T08:22:46+00:00,0.154687,0.361282,0.432768,2026-09-30,16:40,2026-09-30 16:40,Sligo,Brenda Anderson Memorial Handicap Chase (0-100),Cornaroya Rocco,15,11.0,6.81,4.56,4,1,1,4,5,4,3,4,5,4,0.06705,0.242323,0.361282,0.93295,0.087028,0.277061,0.4046,0.925854,0.06705,0.207585,0.280911,0.0,3.474,8.037,0.0,1.998,6.948,12.369,-0.71,0.0,0.5,0.65,0.0,86.84,100.0,0.0835,18.65,21.06,2.4,0.726,1.0,0.882,-0.039,-0.093,0.0,1.0,False,-0.0207,0.26,NO BET,False,['outside_validated_place_pocket'],,,4.0,"['SBG', 'B365']",9.0,600.0,18.5,2026.09.05-p5.5-coherent-complete-fields,2026.09.05-place-evidence-v4-fresh-offers,2026-09-17,13,False,SHADOW_ONLY,"['trip 73% (+2.4f)', 'genuine pace']",20260930_085138
e5edbe13fcb2c5490957cfd9,2026-09-30T08:22:46+00:00,0.1574,0.355708,0.432768,2026-09-30,16:40,2026-09-30 16:40,Sligo,Brenda Anderson Memorial Handicap Chase (0-100),Hurricane Honey,15,11.0,14.94,17.25,4,6,7,4,4,5,5,5,4,5,0.06705,0.247751,0.330502,0.93295,0.084178,0.287917,0.357246,0.94468,0.06705,0.207585,0.280911,0.0,4.017,4.959,0.0,1.713,8.033,7.633,1.173,0.0,0.5,0.65,0.0,82.44,100.0,0.0453,20.4,21.06,0.65,0.977,1.0,0.882,-0.134,0.143,0.0,1.0,False,-0.0034,0.26,NO BET,False,['no_dual_p4_raw_value'],,,4.0,"['SBG', 'B365']",,,,2026.09.05-p5.5-coherent-complete-fields,2026.09.05-place-evidence-v4-fresh-offers,2026-09-17,13,False,SHADOW_ONLY,"['trip 98% (+0.7f)', 'genuine pace']",20260930_085138
fd4eeb978ff7fcbfd4d29463,2026-09-30T08:22:46+00:00,0.141095,0.355708,0.432768,2026-09-30,16:40,2026-09-30 16:40,Sligo,Brenda Anderson Memorial Handicap Chase (0-100),Dunany Point,15,11.0,18.34,24.6,4,10,9,4,6,6,6,6,6,6,0.06705,0.215141,0.304045,0.93295,0.083117,0.222697,0.316544,0.940484,0.06705,0.207585,0.280911,0.0,0.756,2.313,0.0,1.607,1.511,3.563,0.753,0.0,0.5,0.65,0.0,79.67,100.0,0.0411,19.52,21.06,1.54,0.877,1.0,0.882,-0.261,0.121,0.0,1.0,False,0.0059,0.26,NO BET,False,['no_dual_p4_raw_value'],,,4.0,"['SBG', 'B365']",,,,2026.09.05-p5.5-coherent-complete-fields,2026.09.05-place-evidence-v4-fresh-offers,2026-09-17,13,False,SHADOW_ONLY,"['trip 88% (+1.5f)', 'genuine pace']",20260930_085138
c90a8c3ca751456f94e237d8,2026-09-30T08:22:46+00:00,0.140135,0.355708,0.432768,2026-09-30,16:40,2026-09-30 16:40,Sligo,Brenda Anderson Memorial Handicap Chase (0-100),Mobile Mamma,15,11.0,25.06,42.73,4,12,12,4,7,7,7,7,7,7,0.06705,0.21322,0.277376,0.93295,0.082751,0.218854,0.275515,0.951058,0.06705,0.207585,0.280911,0.0,0.563,-0.354,0.0,1.57,1.127,-0.54,1.811,0.0,0.5,0.65,0.0,77.5,100.0,0.0623,23.94,21.06,-2.88,0.631,0.833,0.882,-0.034,-0.13,0.2,0.8,False,-0.0068,0.26,NO BET,False,['no_dual_p4_raw_value'],,,4.0,"['SBG', 'B365']",,,,2026.09.05-p5.5-coherent-complete-fields,2026.09.05-place-evidence-v4-fresh-offers,2026-09-17,13,False,SHADOW_ONLY,"['trip 63% (-2.9f)', 'genuine pace']",20260930_085138
0bfd6b98ea100739d7eb8dfa,2026-09-30T08:22:46+00:00,0.115377,0.330864,0.404492,2026-09-30,16:40,2026-09-30 16:40,Sligo,Brenda Anderson Memorial Handicap Chase (0-100),Brother Hollie,15,12.0,31.47,61.57,8,13,13,8,10,9,12,11,11,10,0.061462,0.169291,0.237156,0.938538,0.048095,0.147036,0.224789,0.928268,0.061462,0.191546,0.2602,0.0,-2.225,-2.304,0.0,-1.337,-4.451,-3.541,-1.027,0.0,0.5,0.65,0.0,81.74,100.0,0.058,17.38,21.06,3.68,0.472,1.0,0.882,-0.034,-0.13,0.0,1.0,False,-0.0203,0.26,NO BET,False,['no_dual_p4_raw_value'],,,4.0,"['SBG', 'B365']",,,,2026.09.05-p5.5-coherent-complete-fields,2026.09.05-place-evidence-v4-fresh-offers,2026-09-17,13,False,SHADOW_ONLY,"['trip 47% (+3.7f)', 'genuine pace']",20260930_085138
22074ea27862616ba5901841,2026-09-30T08:22:46+00:00,0.12241,0.309168,0.379517,2026-09-30,16:40,2026-09-30 16:40,Sligo,Brenda Anderson Memorial Handicap Chase (0-100),Kalsman,15,13.0,9.7,7.58,9,3,2,9,8,8,8,9,8,8,0.056734,0.188085,0.256737,0.943266,0.056441,0.198381,0.26456,0.91446,0.056734,0.177788,0.242287,0.0,1.03,1.445,0.0,-0.029,2.059,2.227,-2.881,0.0,0.5,0.65,0.0,77.5,100.0,0.0623,20.39,21.06,0.66,0.976,1.0,0.882,-0.281,0.456,0.28,0.72,False,-0.003,0.26,NO BET,False,['outside_validated_place_pocket'],,Each Way,4.0,"['SBG', 'B365']",7.2,65.0,12.72,2026.09.05-p5.5-coherent-complete-fields,2026.09.05-place-evidence-v4-fresh-offers,2026-09-17,13,False,SHADOW_ONLY,"['trip 98% (+0.7f)', 'genuine pace']",20260930_085138
a2f079244198aca9aea0fcd3,2026-09-30T08:22:46+00:00,0.115919,0.309168,0.379517,2026-09-30,16:40,2026-09-30 16:40,Sligo,Brenda Anderson Memorial Handicap Chase (0-100),Andyourbirdcansing,15,13.0,20.64,27.62,9,11,10,9,9,10,9,8,9,9,0.056734,0.175103,0.231517,0.943266,0.057479,0.172418,0.22576,0.925345,0.056734,0.177788,0.242287,0.0,-0.269,-1.077,0.0,0.074,-0.537,-1.653,-1.792,0.0,0.5,0.65,0.0,81.2,100.0,0.0496,18.94,21.06,2.12,0.779,1.0,0.882,-0.309,0.354,0.0,1.0,False,-0.0137,0.26,NO BET,False,['no_dual_p4_raw_value'],,,4.0,"['SBG', 'B365']",,,,2026.09.05-p5.5-coherent-complete-fields,2026.09.05-place-evidence-v4-fresh-offers,2026-09-17,13,False,SHADOW_ONLY,"['trip 78% (+2.1f)', 'genuine pace']",20260930_085138
d097c5a04479325dbfdee164,2026-09-30T08:22:46+00:00,0.094997,0.273154,0.337511,2026-09-30,16:40,2026-09-30 16:40,Sligo,Brenda Anderson Memorial Handicap Chase (0-100),Malton Groove,15,15.0,16.88,18.04,11,8,8,11,12,11,10,10,12,11,0.04917,0.140825,0.208138,0.95083,0.051046,0.126224,0.205623,0.92052,0.04917,0.155426,0.212886,0.0,-1.46,-0.475,0.0,0.188,-2.92,-0.726,-3.031,0.0,0.5,0.65,0.0,80.27,100.0,0.0665,21.58,21.06,-0.52,0.985,1.0,0.882,-0.271,0.029,0.0,1.0,False,-0.0247,0.26,NO BET,False,['no_dual_p4_raw_value'],,,4.0,"['SBG', 'B365']",9.0,80.0,14.8,2026.09.05-p5.5-coherent-complete-fields,2026.09.05-place-evidence-v4-fresh-offers,2026-09-17,13,False,SHADOW_ONLY,"['trip 98% (-0.5f)', 'genuine pace']",20260930_085138
7526f6c1e859f9ee12f3d5a5,2026-09-30T08:22:46+00:00,0.093599,0.244527,0.303655,2026-09-30,16:40,2026-09-30 16:40,Sligo,Brenda Anderson Memorial Handicap Chase (0-100),Set The Tone,15,17.0,12.59,10.24,12,5,4,12,11,12,11,12,10,12,0.043385,0.143814,0.1811,0.956615,0.043539,0.149589,0.176462,0.914211,0.043385,0.138039,0.189791,0.0,0.578,-0.869,0.0,0.015,1.155,-1.333,-4.24,0.0,0.5,0.65,0.0,76.27,100.0,0.0665,21.48,21.06,-0.43,0.991,1.0,0.882,-0.062,-0.236,0.0,1.0,False,-0.0201,0.26,NO BET,False,['outside_validated_place_pocket'],,,4.0,"['SBG', 'B365']",9.0,600.0,18.19,2026.09.05-p5.5-coherent-complete-fields,2026.09.05-place-evidence-v4-fresh-offers,2026-09-17,13,False,SHADOW_ONLY,"['trip 99% (-0.4f)', 'genuine pace']",20260930_085138
0d3c72c5432d7ad937b28926,2026-09-30T08:22:46+00:00,0.057282,0.165785,0.208572,2026-09-30,16:40,2026-09-30 16:40,Sligo,Brenda Anderson Memorial Handicap Chase (0-100),Poppycon,15,26.0,15.25,11.32,13,7,5,13,13,13,13,14,13,13,0.028367,0.086197,0.153605,0.971633,0.02386,0.080636,0.16777,0.920647,0.028367,0.091758,0.127377,0.0,-0.556,2.623,0.0,-0.451,-1.112,4.039,-5.099,0.0,0.5,0.65,0.0,77.67,100.0,0.0411,18.15,21.06,2.91,0.625,1.0,0.882,-0.033,0.0,0.0,1.0,False,-0.0072,0.26,NO BET,False,['outside_validated_place_pocket'],,,4.0,"['SBG', 'B365']",11.0,600.0,12.57,2026.09.05-p5.5-coherent-complete-fields,2026.09.05-place-evidence-v4-fresh-offers,2026-09-17,13,False,SHADOW_ONLY,"['trip 62% (+2.9f)', 'genuine pace']",20260930_085138
552617d80dfa2338d21af516,2026-09-30T08:22:46+00:00,0.028859,0.128727,0.162929,2026-09-30,16:40,2026-09-30 16:40,Sligo,Brenda Anderson Memorial Handicap Chase (0-100),U Asking Me,15,34.0,43.93,62.83,14,14,14,14,14,14,14,13,14,14,0.021693,0.036025,0.043595,0.978307,0.024399,0.001384,0.014064,0.932339,0.021693,0.070666,0.098517,0.0,-3.464,-5.492,0.0,0.271,-6.928,-8.445,-4.597,0.0,0.5,0.65,0.0,82.27,100.0,0.0665,21.3,21.06,-0.24,0.997,1.0,0.882,-0.057,-0.244,0.34,0.66,False,-0.0151,0.26,NO BET,False,['no_dual_p4_raw_value'],,,4.0,"['SBG', 'B365']",,,,2026.09.05-p5.5-coherent-complete-fields,2026.09.05-place-evidence-v4-fresh-offers,2026-09-17,13,False,SHADOW_ONLY,"['trip 100% (-0.2f)', 'genuine pace', 'last run compromised']",20260930_085138
8dc9750fe016a57727c3031f,2026-09-30T08:22:46+00:00,0.019068,0.087193,0.111044,2026-09-30,16:40,2026-09-30 16:40,Sligo,Brenda Anderson Memorial Handicap Chase (0-100),Three Tribes,15,51.0,55.35,76.51,15,15,15,15,15,15,15,15,15,15,0.014462,0.023674,0.023674,0.985538,0.013105,0.0,0.0,0.938099,0.014462,0.047349,0.066549,0.0,-2.367,-4.287,0.0,-0.136,-4.735,-6.655,-4.744,0.0,0.5,0.65,0.0,83.2,100.0,0.0496,20.6,21.06,0.45,0.99,0.833,0.882,-0.15,-0.119,0.0,1.0,False,-0.0011,0.26,NO BET,False,['no_dual_p4_raw_value'],,,4.0,"['SBG', 'B365']",14.0,1000.0,3.53,2026.09.05-p5.5-coherent-complete-fields,2026.09.05-place-evidence-v4-fresh-offers,2026-09-17,13,False,SHADOW_ONLY,"['trip 99% (+0.5f)', 'genuine pace']",20260930_085138
f218f54e0cfceb01ffb5944c,2026-09-30T08:22:46+00:00,0.357103,0.761917,0.850916,2026-09-30,16:50,2026-09-30 16:50,Catterick,racingtv.com Handicap,Mister Sky Blue,10,4.0,4.87,4.4,1,1,1,1,1,1,1,1,1,1,0.193048,0.521158,0.657108,0.806952,0.182583,0.523113,0.66027,0.9087,0.193048,0.519203,0.651234,0.0,0.195,0.587,0.0,-1.046,0.391,0.904,10.175,0.0,0.5,0.65,0.0,92.46,100.0,0.0562,6.25,5.94,-0.3,0.988,1.0,1.047,-0.022,-0.1,0.18,0.82,False,-0.0246,-0.33,NO BET,False,"['no_genuine_four_place_terms', 'no_dual_p4_raw_value']",,,0.0,[],6.2,250.0,19.07,2026.09.05-p5.5-coherent-complete-fields,2026.09.05-place-evidence-v4-fresh-offers,2026-09-17,13,False,SHADOW_ONLY,"['trip 99% (-0.3f)', 'genuine pace']",20260930_085138
037b53f480ce55251bda4aa6,2026-09-30T08:22:46+00:00,0.291824,0.650044,0.755534,2026-09-30,16:50,2026-09-30 16:50,Catterick,racingtv.com Handicap,Golden Prosperity,10,5.5,7.04,6.98,2,2,3,2,2,2,2,2,2,2,0.140398,0.44325,0.579852,0.859602,0.163352,0.477841,0.60474,0.909753,0.140398,0.40866,0.533631,0.0,3.459,4.622,0.0,2.295,6.918,7.111,5.015,0.0,0.5,0.65,0.0,82.46,100.0,0.0562,5.81,5.94,0.13,0.998,1.0,1.047,-0.077,0.053,0.0,1.0,False,-0.025,-0.33,NO BET,False,"['no_genuine_four_place_terms', 'no_dual_p4_raw_value']",,,0.0,[],,,,2026.09.05-p5.5-coherent-complete-fields,2026.09.05-place-evidence-v4-fresh-offers,2026-09-17,13,False,SHADOW_ONLY,"['trip 100% (+0.1f)', 'genuine pace']",20260930_085138
64daf393e90e5c6236358547,2026-09-30T08:22:46+00:00,0.250884,0.617722,0.725716,2026-09-30,16:50,2026-09-30 16:50,Catterick,racingtv.com Handicap,Without Delay,10,6.0,12.11,18.09,3,7,7,3,3,3,4,3,3,4,0.128698,0.373071,0.472787,0.871302,0.117339,0.365295,0.457056,0.914021,0.128698,0.380846,0.502002,0.0,-0.778,-2.922,0.0,-1.136,-1.555,-4.495,4.272,0.0,0.5,0.65,0.0,78.43,100.0,0.0478,7.22,5.94,-1.28,0.816,1.0,1.047,-0.078,0.096,0.0,1.0,False,-0.025,-0.33,NO BET,False,"['no_genuine_four_place_terms', 'no_dual_p4_raw_value']",,,0.0,[],,,,2026.09.05-p5.5-coherent-complete-fields,2026.09.05-place-evidence-v4-fresh-offers,2026-09-17,13,False,SHADOW_ONLY,"['trip 82% (-1.3f)', 'genuine pace']",20260930_085138
ab63bcb937f5e6696a0645b3,2026-09-30T08:22:46+00:00,0.208868,0.560135,0.670159,2026-09-30,16:50,2026-09-30 16:50,Catterick,racingtv.com Handicap,Wait For It,10,7.0,9.37,10.02,4,5,6,4,5,5,5,5,6,5,0.110313,0.307423,0.423796,0.889687,0.106633,0.280116,0.410884,0.905333,0.110313,0.334729,0.447776,0.0,-2.731,-2.398,0.0,-0.368,-5.461,-3.689,1.565,0.0,0.5,0.65,0.0,82.93,100.0,0.0478,6.81,5.94,-0.86,0.911,1.0,1.047,0.031,-0.39,0.0,1.0,False,0.0202,-0.33,NO BET,False,"['no_genuine_four_place_terms', 'no_dual_p4_raw_value']",,,0.0,[],10.0,15.0,61.49,2026.09.05-p5.5-coherent-complete-fields,2026.09.05-place-evidence-v4-fresh-offers,2026-09-17,13,False,SHADOW_ONLY,"['trip 91% (-0.9f)', 'genuine pace']",20260930_085138
90a58cdd360564a43c9ce202,2026-09-30T08:22:46+00:00,0.206377,0.510938,0.620268,2026-09-30,16:50,2026-09-30 16:50,Catterick,racingtv.com Handicap,Indy's Angel,10,8.0,7.84,6.57,5,3,2,5,4,4,3,4,4,3,0.096524,0.31623,0.455624,0.903476,0.117259,0.334228,0.483777,0.882658,0.096524,0.298231,0.40334,0.0,1.8,5.228,0.0,2.073,3.6,8.044,-2.082,0.0,0.5,0.65,0.0,82.69,100.0,0.052,6.1,5.94,-0.16,0.997,1.0,1.047,-0.051,0.054,0.0,1.0,False,0.0411,-0.33,NO BET,False,['no_genuine_four_place_terms'],,,0.0,[],8.0,13.5,12.39,2026.09.05-p5.5-coherent-complete-fields,2026.09.05-place-evidence-v4-fresh-offers,2026-09-17,13,False,SHADOW_ONLY,"['trip 100% (-0.2f)', 'genuine pace']",20260930_085138
4613ed5d52f12f3899b2d287,2026-09-30T08:22:46+00:00,0.182546,0.46883,0.57583,2026-09-30,16:50,2026-09-30 16:50,Catterick,racingtv.com Handicap,Society Charm,10,9.0,8.72,7.38,6,4,4,6,6,6,6,6,5,6,0.085799,0.279293,0.375672,0.914201,0.086307,0.289853,0.380614,0.869963,0.085799,0.268732,0.366495,0.0,1.056,0.918,0.0,0.051,2.112,1.412,-4.424,0.0,0.5,0.65,0.0,78.99,87.5,0.0647,6.6,5.94,-0.66,0.947,0.667,1.047,-0.041,0.05,0.0,1.0,True,0.0067,-0.33,NO BET,False,['no_genuine_four_place_terms'],,,0.0,[],,,,2026.09.05-p5.5-coherent-complete-fields,2026.09.05-place-evidence-v4-fresh-offers,2026-09-17,13,False,SHADOW_ONLY,"['trip 95% (-0.7f)', 'genuine pace', 'second run back']",20260930_085138
5e9be4f0be974102b397881e,2026-09-30T08:22:46+00:00,0.147342,0.401262,0.501341,2026-09-30,16:50,2026-09-30 16:50,Catterick,racingtv.com Handicap,Cape Sovereign,10,11.0,17.94,24.96,7,8,8,7,8,8,8,8,8,8,0.070199,0.224484,0.28852,0.929801,0.066431,0.224845,0.277329,0.902496,0.070199,0.224124,0.309302,0.0,0.036,-2.078,0.0,-0.377,0.072,-3.197,-2.731,0.0,0.5,0.65,0.0,81.99,100.0,0.0647,5.16,5.94,0.78,0.926,1.0,1.047,-0.029,-0.119,0.0,1.0,True,-0.009,-0.33,NO BET,False,"['no_genuine_four_place_terms', 'no_dual_p4_raw_value']",,,0.0,[],,,,2026.09.05-p5.5-coherent-complete-fields,2026.09.05-place-evidence-v4-fresh-offers,2026-09-17,13,False,SHADOW_ONLY,"['trip 93% (+0.8f)', 'genuine pace', 'second run back']",20260930_085138
84a93dbbdc0c991875ff5eb8,2026-09-30T08:22:46+00:00,0.155242,0.401262,0.501341,2026-09-30,16:50,2026-09-30 16:50,Catterick,racingtv.com Handicap,Dabbling,10,11.0,10.83,9.6,7,6,5,7,7,7,7,7,7,7,0.070199,0.240284,0.341712,0.929801,0.068553,0.256444,0.359164,0.876949,0.070199,0.224124,0.309302,0.0,1.616,3.241,0.0,-0.165,3.232,4.986,-5.285,0.0,0.5,0.65,0.0,81.43,100.0,0.0478,5.33,5.94,0.61,0.954,1.0,1.047,-0.017,0.0,0.0,1.0,False,0.0097,-0.33,NO BET,False,['no_genuine_four_place_terms'],,,0.0,[],7.0,240.0,10.4,2026.09.05-p5.5-coherent-complete-fields,2026.09.05-place-evidence-v4-fresh-offers,2026-09-17,13,False,SHADOW_ONLY,"['trip 95% (+0.6f)', 'genuine pace']",20260930_085138
4bb64bc6103589b9524e9cf4,2026-09-30T08:22:46+00:00,0.115715,0.349953,0.442372,2026-09-30,16:50,2026-09-30 16:50,Catterick,racingtv.com Handicap,Profiteer,10,13.0,26.33,47.25,9,9,10,9,9,9,9,9,9,9,0.059399,0.172032,0.244976,0.940601,0.05464,0.151976,0.233005,0.926737,0.059399,0.192087,0.267206,0.0,-2.006,-2.223,0.0,-0.476,-4.011,-3.42,-1.386,0.0,0.5,0.65,0.0,82.93,100.0,0.0478,5.98,5.94,-0.04,1.0,1.0,1.047,-0.051,-0.043,0.0,1.0,True,-0.0058,-0.33,NO BET,False,"['no_genuine_four_place_terms', 'no_dual_p4_raw_value']",,,0.0,[],,,,2026.09.05-p5.5-coherent-complete-fields,2026.09.05-place-evidence-v4-fresh-offers,2026-09-17,13,False,SHADOW_ONLY,"['trip 100% (-0.0f)', 'genuine pace', 'second run back']",20260930_085138
e6bb38d0a3eafcb87f900e6b,2026-09-30T08:22:46+00:00,0.0841,0.277937,0.356524,2026-09-30,16:50,2026-09-30 16:50,Catterick,racingtv.com Handicap,Miss Willows,10,17.0,28.73,46.04,10,10,9,10,10,10,10,10,10,10,0.045423,0.122776,0.159954,0.954577,0.036905,0.096289,0.13316,0.930223,0.045423,0.149264,0.209713,0.0,-2.649,-4.976,0.0,-0.852,-5.298,-7.655,-2.435,0.0,0.5,0.65,0.0,82.93,100.0,0.0478,7.19,5.94,-1.25,0.822,1.0,1.047,-0.072,0.581,0.0,1.0,False,-0.0109,-0.33,NO BET,False,"['no_genuine_four_place_terms', 'no_dual_p4_raw_value']",,,0.0,[],,,,2026.09.05-p5.5-coherent-complete-fields,2026.09.05-place-evidence-v4-fresh-offers,2026-09-17,13,False,SHADOW_ONLY,"['trip 82% (-1.2f)', 'genuine pace']",20260930_085138
8bedab969102f00f04c1b20e,2026-09-30T08:22:46+00:00,0.297832,0.691817,0.780846,2026-09-30,16:55,2026-09-30 16:55,Kempton,Try Unibet's New Smartview Racecards Nursery,Arctic Tsar,13,4.5,10.98,31.22,1,6,9,1,1,2,3,2,2,3,0.169998,0.425665,0.492769,0.830002,0.130201,0.387854,0.442614,0.939228,0.169998,0.463476,0.585963,0.0,-3.781,-9.319,0.0,-3.98,-7.562,-14.335,10.923,0.0,0.5,0.65,0.0,80.41,87.5,0.0817,6.56,6.89,0.33,0.987,0.667,1.222,-0.18,0.108,0.0,1.0,False,-0.013,-1.61,NO BET,False,['no_dual_p4_raw_value'],,,4.0,"['SBG', 'B365']",,,,2026.09.05-p5.5-coherent-complete-fields,2026.09.05-place-evidence-v4-fresh-offers,2026-09-17,13,False,SHADOW_ONLY,"['trip 99% (+0.3f)', 'genuine pace']",20260930_085138
a45d300bf290ed730d58220b,2026-09-30T08:22:46+00:00,0.279681,0.618835,0.713632,2026-09-30,16:55,2026-09-30 16:55,Kempton,Try Unibet's New Smartview Racecards Nursery,Nascent Star,13,5.5,8.28,11.79,2,1,6,2,2,1,1,1,1,1,0.139089,0.420272,0.531473,0.860911,0.140408,0.443949,0.541593,0.917875,0.139089,0.396595,0.512727,0.0,2.368,1.875,0.0,0.132,4.735,2.887,5.696,0.0,0.5,0.65,0.0,85.73,100.0,0.0478,5.83,6.89,1.05,0.871,0.833,1.222,-0.033,0.0,0.0,1.0,False,0.0459,-1.61,NO BET,False,['no_dual_p4_raw_value'],,,4.0,"['SBG', 'B365']",,,,2026.09.05-p5.5-coherent-complete-fields,2026.09.05-place-evidence-v4-fresh-offers,2026-09-17,13,False,SHADOW_ONLY,"['trip 87% (+1.1f)', 'genuine pace']",20260930_085138
0608c7db5bf4dd310436c37c,2026-09-30T08:22:46+00:00,0.247135,0.586665,0.68264,2026-09-30,16:55,2026-09-30 16:55,Kempton,Try Unibet's New Smartview Racecards Nursery,Royal Titan,13,6.0,10.17,17.44,3,5,8,3,3,3,4,3,3,2,0.127499,0.366772,0.461846,0.872501,0.11717,0.364079,0.451135,0.938176,0.127499,0.369466,0.481785,0.0,-0.269,-1.994,0.0,-1.033,-0.539,-3.065,6.567,0.0,0.5,0.65,0.0,80.92,87.5,0.069,6.56,6.89,0.33,0.986,0.667,1.222,-0.24,0.193,0.0,1.0,False,0.039,-1.61,NO BET,False,['no_dual_p4_raw_value'],,,4.0,"['SBG', 'B365']",,,,2026.09.05-p5.5-coherent-complete-fields,2026.09.05-place-evidence-v4-fresh-offers,2026-09-17,13,False,SHADOW_ONLY,"['trip 99% (+0.3f)', 'genuine pace']",20260930_085138
0820bf1f2c4cd55405b87b9d,2026-09-30T08:22:46+00:00,0.183305,0.482213,0.576527,2026-09-30,16:55,2026-09-30 16:55,Kempton,Try Unibet's New Smartview Racecards Nursery,Gold Reef City,13,8.0,15.52,34.25,4,9,10,4,5,6,7,6,6,6,0.095624,0.270986,0.349974,0.904376,0.090299,0.252892,0.330586,0.94515,0.095624,0.289079,0.386028,-0.0,-1.809,-3.605,0.0,-0.532,-3.619,-5.544,4.077,0.0,0.5,0.65,0.0,79.06,75.0,0.0817,6.17,6.89,0.72,0.937,0.5,1.222,-0.086,0.0,0.0,1.0,False,-0.0075,-1.61,NO BET,False,['no_dual_p4_raw_value'],,,4.0,"['SBG', 'B365']",,,,2026.09.05-p5.5-coherent-complete-fields,2026.09.05-place-evidence-v4-fresh-offers,2026-09-17,13,False,SHADOW_ONLY,"['trip 94% (+0.7f)', 'genuine pace']",20260930_085138
d873c8a9fe033a9fc7e7b422,2026-09-30T08:22:46+00:00,0.176744,0.406944,0.495114,2026-09-30,16:55,2026-09-30 16:55,Kempton,Try Unibet's New Smartview Racecards Nursery,Reddy,13,10.0,9.31,7.17,5,2,3,5,4,4,2,4,4,4,0.076499,0.27699,0.384704,0.923501,0.100898,0.317127,0.419179,0.927588,0.076499,0.236852,0.320728,0.0,4.014,6.398,0.0,2.44,8.027,9.845,0.409,0.0,0.5,0.65,0.0,82.3,75.0,0.0647,6.02,6.89,0.86,0.911,0.5,1.222,-0.11,0.13,0.0,1.0,False,0.0157,-1.61,NO BET,False,['outside_validated_place_pocket'],,,4.0,"['SBG', 'B365']",9.0,48.0,11.05,2026.09.05-p5.5-coherent-complete-fields,2026.09.05-place-evidence-v4-fresh-offers,2026-09-17,13,False,SHADOW_ONLY,"['trip 91% (+0.9f)', 'genuine pace']",20260930_085138
eaed76b98936750aa20cb170,2026-09-30T08:22:46+00:00,0.163326,0.377044,0.461697,2026-09-30,16:55,2026-09-30 16:55,Kempton,Try Unibet's New Smartview Racecards Nursery,Shemiyla Star,13,11.0,10.06,7.62,6,4,4,6,6,5,5,5,5,5,0.069545,0.257108,0.357155,0.930455,0.092551,0.297078,0.390384,0.904359,0.069545,0.217137,0.295494,0.0,3.997,6.166,0.0,2.301,7.994,9.489,-2.61,0.0,0.5,0.65,0.0,80.92,87.5,0.069,6.6,6.89,0.29,0.99,0.667,1.222,-0.163,0.163,0.0,1.0,False,-0.0012,-1.61,NO BET,False,['outside_validated_place_pocket'],,,4.0,"['SBG', 'B365']",,,,2026.09.05-p5.5-coherent-complete-fields,2026.09.05-place-evidence-v4-fresh-offers,2026-09-17,13,False,SHADOW_ONLY,"['trip 99% (+0.3f)', 'genuine pace']",20260930_085138
d02edc2525495fa6df02b1b4,2026-09-30T08:22:46+00:00,0.141935,0.351067,0.432198,2026-09-30,16:55,2026-09-30 16:55,Kempton,Try Unibet's New Smartview Racecards Nursery,Xochipilli,13,12.0,9.71,6.24,7,3,1,7,7,7,6,7,7,7,0.063749,0.220121,0.30596,0.936251,0.072404,0.239824,0.323272,0.900698,0.063749,0.200418,0.273857,0.0,1.97,3.21,0.0,0.865,3.941,4.942,-3.555,0.0,0.5,0.65,0.0,83.61,62.5,0.069,6.91,6.89,-0.02,1.0,0.333,1.222,0.0,0.0,0.0,1.0,False,-0.017,-1.61,NO BET,False,['low_data_coverage'],,,4.0,"['SBG', 'B365']",,,,2026.09.05-p5.5-coherent-complete-fields,2026.09.05-place-evidence-v4-fresh-offers,2026-09-17,13,False,SHADOW_ONLY,"['trip 100% (-0.0f)', 'genuine pace']",20260930_085138
39056371a479ca3e2f9b274e,2026-09-30T08:22:46+00:00,0.097512,0.290471,0.361801,2026-09-30,16:55,2026-09-30 16:55,Kempton,Try Unibet's New Smartview Racecards Nursery,Louis The Fifth,13,15.0,24.94,48.68,8,12,12,8,10,10,10,10,11,10,0.050999,0.144024,0.222252,0.949001,0.048855,0.125324,0.221167,0.915994,0.050999,0.162725,0.224316,-0.0,-1.87,-0.206,0.0,-0.214,-3.74,-0.315,-3.301,0.0,0.5,0.65,0.0,79.06,87.5,0.0817,6.2,6.89,0.69,0.942,0.667,1.222,-0.258,0.275,0.0,1.0,False,-0.0326,-1.61,NO BET,False,['no_dual_p4_raw_value'],,,4.0,"['SBG', 'B365']",,,,2026.09.05-p5.5-coherent-complete-fields,2026.09.05-place-evidence-v4-fresh-offers,2026-09-17,13,False,SHADOW_ONLY,"['trip 94% (+0.7f)', 'genuine pace']",20260930_085138
f103defde230cb266324555f,2026-09-30T08:22:46+00:00,0.10467,0.290471,0.361801,2026-09-30,16:55,2026-09-30 16:55,Kempton,Try Unibet's New Smartview Racecards Nursery,Rollthedicebaby,13,15.0,24.72,47.57,8,11,11,8,9,9,9,9,9,9,0.050999,0.15834,0.229363,0.949001,0.054071,0.153956,0.232107,0.922422,0.050999,0.162725,0.224316,-0.0,-0.438,0.505,0.0,0.307,-0.877,0.779,-2.658,0.0,0.5,0.65,0.0,79.06,100.0,0.0817,5.77,6.89,1.12,0.855,1.0,1.222,0.092,-0.186,0.0,1.0,False,-0.0235,-1.61,NO BET,False,['no_dual_p4_raw_value'],,,4.0,"['SBG', 'B365']",,,,2026.09.05-p5.5-coherent-complete-fields,2026.09.05-place-evidence-v4-fresh-offers,2026-09-17,13,False,SHADOW_ONLY,"['trip 86% (+1.1f)', 'genuine pace']",20260930_085138
a41394b80b04649efde8953f,2026-09-30T08:22:46+00:00,0.109219,0.290471,0.361801,2026-09-30,16:55,2026-09-30 16:55,Kempton,Try Unibet's New Smartview Racecards Nursery,Sequel Star,13,15.0,13.51,10.4,8,8,5,8,8,8,8,8,8,8,0.050999,0.167439,0.257594,0.949001,0.057478,0.172153,0.275539,0.909813,0.050999,0.162725,0.224316,-0.0,0.471,3.328,0.0,0.648,0.943,5.122,-3.919,0.0,0.5,0.65,0.0,82.3,87.5,0.0647,6.17,6.89,0.72,0.937,0.667,1.222,-0.258,0.275,0.0,1.0,False,-0.0088,-1.61,NO BET,False,['outside_validated_place_pocket'],,,4.0,"['SBG', 'B365']",,,,2026.09.05-p5.5-coherent-complete-fields,2026.09.05-place-evidence-v4-fresh-offers,2026-09-17,13,False,SHADOW_ONLY,"['trip 94% (+0.7f)', 'genuine pace']",20260930_085138
c182d1aa45ae9233a987ca0b,2026-09-30T08:22:46+00:00,0.086048,0.260298,0.325978,2026-09-30,16:55,2026-09-30 16:55,Kempton,Try Unibet's New Smartview Racecards Nursery,Bullrider,13,17.0,16.78,14.99,11,10,7,11,12,11,11,12,12,11,0.044999,0.127096,0.192087,0.955001,0.042015,0.109633,0.187807,0.912974,0.044999,0.14456,0.200083,0.0,-1.746,-0.8,0.0,-0.298,-3.493,-1.228,-4.203,0.0,0.5,0.65,0.0,81.15,87.5,0.0647,7.19,6.89,-0.3,0.988,0.667,1.222,-0.156,0.07,0.0,1.0,False,-0.0179,-1.61,NO BET,False,['outside_validated_place_pocket'],,,4.0,"['SBG', 'B365']",11.0,250.0,12.87,2026.09.05-p5.5-coherent-complete-fields,2026.09.05-place-evidence-v4-fresh-offers,2026-09-17,13,False,SHADOW_ONLY,"['trip 99% (-0.3f)', 'genuine pace']",20260930_085138
0e9cf0e63344f66eee92abae,2026-09-30T08:22:46+00:00,0.092673,0.260298,0.325978,2026-09-30,16:55,2026-09-30 16:55,Kempton,Try Unibet's New Smartview Racecards Nursery,Hidden Beyond,13,17.0,12.31,7.03,11,7,2,11,11,12,12,11,10,12,0.044999,0.140346,0.189982,0.955001,0.042748,0.136132,0.184569,0.916616,0.044999,0.14456,0.200083,0.0,-0.421,-1.01,0.0,-0.225,-0.843,-1.551,-3.838,0.0,0.5,0.65,0.0,76.53,62.5,0.0647,6.89,6.89,-0.0,1.0,0.333,1.222,-0.25,0.25,0.0,1.0,False,0.0104,-1.61,NO BET,False,['low_data_coverage'],,,4.0,"['SBG', 'B365']",,,,2026.09.05-p5.5-coherent-complete-fields,2026.09.05-place-evidence-v4-fresh-offers,2026-09-17,13,False,SHADOW_ONLY,"['trip 100% (-0.0f)', 'genuine pace']",20260930_085138
8702ae78efbba2bcbd87772c,2026-09-30T08:22:46+00:00,0.01992,0.093406,0.119989,2026-09-30,16:55,2026-09-30 16:55,Kempton,Try Unibet's New Smartview Racecards Nursery,True Charm,13,51.0,49.8,52.92,13,13,13,13,13,13,13,13,13,13,0.015,0.024841,0.024841,0.985,0.010904,0.0,4.6e-05,0.933097,0.015,0.049681,0.070304,-0.0,-2.484,-4.546,0.0,-0.41,-4.968,-7.026,-5.19,0.0,0.5,0.65,0.0,80.44,87.5,0.0986,5.91,6.89,0.98,0.888,0.667,1.222,0.0,0.0,0.0,1.0,False,0.0098,-1.61,NO BET,False,['no_dual_p4_raw_value'],,,4.0,"['SBG', 'B365']",,,,2026.09.05-p5.5-coherent-complete-fields,2026.09.05-place-evidence-v4-fresh-offers,2026-09-17,13,False,SHADOW_ONLY,"['trip 89% (+1.0f)', 'genuine pace']",20260930_085138
0727f972cad9be5c3c918666,2026-09-30T08:22:46+00:00,0.552621,0.989528,1.0,2026-09-30,17:08,2026-09-30 17:08,Musselburgh,Join Racing TV Now Handicap,Riddikulus,6,2.62,2.83,2.52,1,1,1,1,1,1,1,1,1,2,0.331354,0.773887,0.927274,0.668646,0.304471,0.742649,0.923841,0.713826,0.331354,0.805124,0.933649,0.0,-3.124,-0.637,0.0,-2.688,-6.247,-0.981,4.518,0.0,0.5,0.65,0.0,93.12,100.0,0.0647,9.6,13.8,4.2,0.194,1.0,1.228,0.1,-0.144,0.0,1.0,False,0.0341,-1.31,NO BET,False,"['no_genuine_four_place_terms', 'no_dual_p4_raw_value']",,,0.0,[],2.94,250.0,17.15,2026.09.05-p5.5-coherent-complete-fields,2026.09.05-place-evidence-v4-fresh-offers,2026-09-17,13,False,SHADOW_ONLY,"['trip 19% (+4.2f)', 'genuine pace']",20260930_085138
1b04cfad6f225fd571cbf923,2026-09-30T08:22:46+00:00,0.480265,0.977837,1.0,2026-09-30,17:08,2026-09-30 17:08,Musselburgh,Join Racing TV Now Handicap,Falaise Blanc,6,3.5,3.77,3.54,2,2,2,2,2,2,2,2,2,1,0.248042,0.712488,0.916394,0.751958,0.26022,0.712649,0.933743,0.792926,0.248042,0.712326,0.884175,0.0,0.016,3.222,0.0,1.218,0.032,4.957,4.097,0.0,0.5,0.65,0.0,84.99,100.0,0.0308,11.29,13.8,2.51,0.456,1.0,1.228,0.101,0.236,0.0,1.0,False,-0.0419,-1.31,NO BET,False,"['no_genuine_four_place_terms', 'no_dual_p4_raw_value']",,,0.0,[],7.0,8.0,75.26,2026.09.05-p5.5-coherent-complete-fields,2026.09.05-place-evidence-v4-fresh-offers,2026-09-17,13,False,SHADOW_ONLY,"['trip 46% (+2.5f)', 'genuine pace']",20260930_085138
e016c22ef8da7f6e73a0b3b0,2026-09-30T08:22:46+00:00,0.372597,0.950425,1.0,2026-09-30,17:08,2026-09-30 17:08,Musselburgh,Join Racing TV Now Handicap,Bollin Neil,6,5.0,6.32,6.74,3,3,3,3,3,3,3,3,3,3,0.17363,0.571564,0.775161,0.82637,0.191263,0.565929,0.765339,0.855258,0.17363,0.5772,0.793401,0.0,-0.564,-1.824,0.0,1.763,-1.127,-2.806,2.889,0.0,0.5,0.65,0.0,84.06,100.0,0.0478,17.96,13.8,-4.16,0.754,1.0,1.228,0.119,0.312,0.0,1.0,False,0.0021,-1.31,NO BET,False,"['no_genuine_four_place_terms', 'no_dual_p4_raw_value']",,,0.0,[],8.0,11.0,14.73,2026.09.05-p5.5-coherent-complete-fields,2026.09.05-place-evidence-v4-fresh-offers,2026-09-17,13,False,SHADOW_ONLY,"['trip 75% (-4.2f)', 'genuine pace']",20260930_085138
21c241062e1902f9244d8b9d,2026-09-30T08:22:46+00:00,0.319009,0.928564,1.0,2026-09-30,17:08,2026-09-30 17:08,Musselburgh,Join Racing TV Now Handicap,Simple Star,6,6.0,9.17,12.8,4,4,4,4,4,4,4,4,4,4,0.144691,0.493327,0.70506,0.855309,0.145934,0.481898,0.68955,0.882992,0.144691,0.504756,0.733864,0.0,-1.143,-2.88,0.0,0.124,-2.286,-4.431,2.768,0.0,0.5,0.65,0.0,84.06,100.0,0.0478,14.93,13.8,-1.14,0.924,1.0,1.228,0.125,-0.16,0.0,1.0,False,-0.0451,-1.31,NO BET,False,"['no_genuine_four_place_terms', 'no_dual_p4_raw_value']",,,0.0,[],,,,2026.09.05-p5.5-coherent-complete-fields,2026.09.05-place-evidence-v4-fresh-offers,2026-09-17,13,False,SHADOW_ONLY,"['trip 92% (-1.1f)', 'genuine pace']",20260930_085138
9ba5ea66ff0e81a802f3422a,2026-09-30T08:22:46+00:00,0.181581,0.77565,1.0,2026-09-30,17:08,2026-09-30 17:08,Musselburgh,Join Racing TV Now Handicap,Tide Lines,6,12.0,15.36,22.58,5,5,6,5,5,5,5,5,5,5,0.072346,0.290816,0.422582,0.927654,0.070949,0.302363,0.407396,0.9046,0.072346,0.279269,0.450783,0.0,1.155,-2.82,0.0,-0.14,2.309,-4.339,-2.305,0.0,0.5,0.65,0.0,83.12,75.0,0.0647,11.47,13.8,2.33,0.508,0.5,1.228,0.082,-0.108,0.0,1.0,False,-0.0012,-1.31,NO BET,False,"['no_genuine_four_place_terms', 'no_dual_p4_raw_value']",,,0.0,[],,,,2026.09.05-p5.5-coherent-complete-fields,2026.09.05-place-evidence-v4-fresh-offers,2026-09-17,13,False,SHADOW_ONLY,"['trip 51% (+2.3f)', 'genuine pace']",20260930_085138
9791b9eeac245c60b3a4c43f,2026-09-30T08:22:46+00:00,0.093928,0.377996,1.0,2026-09-30,17:08,2026-09-30 17:08,Musselburgh,Join Racing TV Now Handicap,Togeather Forever,6,29.0,20.17,19.77,6,6,5,6,6,6,6,6,6,6,0.029936,0.157919,0.25353,0.970064,0.027164,0.194512,0.28013,0.912162,0.029936,0.121326,0.204128,0.0,3.659,4.94,0.0,-0.277,7.319,7.6,-5.79,0.0,0.5,0.65,0.0,83.36,87.5,0.0605,11.82,13.8,1.97,0.693,0.667,1.228,0.047,0.25,0.0,1.0,False,0.0246,-1.31,NO BET,False,['no_genuine_four_place_terms'],,,0.0,[],12.0,600.0,13.61,2026.09.05-p5.5-coherent-complete-fields,2026.09.05-place-evidence-v4-fresh-offers,2026-09-17,13,False,SHADOW_ONLY,"['trip 69% (+2.0f)', 'genuine pace']",20260930_085138
b4692d084ac6f7c842340878,2026-09-30T08:22:46+00:00,0.682522,0.996661,1.0,2026-09-30,17:15,2026-09-30 17:15,Sligo,Christy 'Frosty' Callaghan Memorial Chase,Soir De Garde,6,1.8,3.03,4.49,1,1,2,1,1,1,1,1,1,1,0.484089,0.880954,0.943221,0.515911,0.406346,0.846902,0.924881,0.638787,0.484089,0.915005,0.977283,0.0,-3.405,-3.406,-0.0,-7.774,-6.81,-5.24,12.288,0.0,0.5,0.65,0.0,88.47,100.0,0.075,17.36,21.06,3.69,0.468,1.0,1.207,0.084,0.206,0.28,0.72,False,0.0156,0.26,NO BET,False,"['no_genuine_four_place_terms', 'no_dual_p4_raw_value']",,,0.0,[],,,,2026.09.05-p5.5-coherent-complete-fields,2026.09.05-place-evidence-v4-fresh-offers,2026-09-17,13,False,SHADOW_ONLY,"['trip 47% (+3.7f)', 'genuine pace']",20260930_085138
b16b30b2de1ba4210f28f0f6,2026-09-30T08:22:46+00:00,0.389016,0.932584,1.0,2026-09-30,17:15,2026-09-30 17:15,Sligo,Christy 'Frosty' Callaghan Memorial Chase,Straight Home,6,5.5,4.24,3.35,2,2,1,2,2,2,2,2,2,2,0.158429,0.619604,0.821743,0.841571,0.23151,0.644636,0.837747,0.888192,0.158429,0.594571,0.792022,0.0,2.503,2.972,0.0,7.308,5.006,4.573,4.662,0.0,0.5,0.65,0.0,89.4,100.0,0.058,23.36,21.06,-2.3,0.744,0.5,1.207,0.032,0.13,0.0,1.0,False,-0.0118,0.26,NO BET,False,['no_genuine_four_place_terms'],,,0.0,[],3.35,10.5,11.74,2026.09.05-p5.5-coherent-complete-fields,2026.09.05-place-evidence-v4-fresh-offers,2026-09-17,13,False,SHADOW_ONLY,"['trip 74% (-2.3f)', 'genuine pace']",20260930_085138
5ef9c48069c0285a73e8e9ce,2026-09-30T08:22:46+00:00,0.343008,0.919394,1.0,2026-09-30,17:15,2026-09-30 17:15,Sligo,Christy 'Frosty' Callaghan Memorial Chase,Chanceawetmorning,6,6.0,5.36,4.95,3,3,3,3,3,3,3,3,3,3,0.145227,0.540789,0.758576,0.854773,0.147325,0.520556,0.755227,0.861447,0.145227,0.561022,0.764796,0.0,-2.023,-0.622,0.0,0.21,-4.047,-0.957,0.667,0.0,0.5,0.65,0.0,83.83,87.5,0.0683,19.44,21.06,1.62,0.865,1.0,1.207,0.132,0.279,0.0,1.0,False,-0.0011,0.26,NO BET,False,['no_genuine_four_place_terms'],,,0.0,[],4.4,14.0,12.56,2026.09.05-p5.5-coherent-complete-fields,2026.09.05-place-evidence-v4-fresh-offers,2026-09-17,13,False,SHADOW_ONLY,"['trip 86% (+1.6f)', 'genuine pace']",20260930_085138
8a6e05985fa66d5c640d14de,2026-09-30T08:22:46+00:00,0.23602,0.799871,1.0,2026-09-30,17:15,2026-09-30 17:15,Sligo,Christy 'Frosty' Callaghan Memorial Chase,Le Coq Hardi,6,10.0,7.66,6.53,4,4,4,4,4,4,4,4,4,4,0.087136,0.384903,0.602882,0.912864,0.090487,0.396142,0.617795,0.876449,0.087136,0.373664,0.575187,0.0,1.124,2.769,0.0,0.335,2.248,4.261,-3.642,0.0,0.5,0.65,0.0,84.4,100.0,0.058,19.57,21.06,1.48,0.886,1.0,1.207,0.108,0.294,0.28,0.72,False,0.0096,0.26,NO BET,False,['no_genuine_four_place_terms'],,,0.0,[],4.5,25.0,13.49,2026.09.05-p5.5-coherent-complete-fields,2026.09.05-place-evidence-v4-fresh-offers,2026-09-17,13,False,SHADOW_ONLY,"['trip 89% (+1.5f)', 'genuine pace']",20260930_085138
bf2a70dac7f6488512f2d59d,2026-09-30T08:22:46+00:00,0.19252,0.70623,1.0,2026-09-30,17:15,2026-09-30 17:15,Sligo,Christy 'Frosty' Callaghan Memorial Chase,Minella Sixo,6,13.0,16.7,23.56,5,5,6,5,5,5,5,5,5,5,0.067028,0.318011,0.471164,0.932972,0.065338,0.339996,0.471003,0.901896,0.067028,0.296027,0.471462,0.0,2.198,-0.03,0.0,-0.169,4.397,-0.046,-3.108,0.0,0.5,0.65,0.0,84.4,100.0,0.058,23.65,21.06,-2.59,0.688,0.833,1.207,0.086,-0.186,0.0,1.0,False,-0.0069,0.26,NO BET,False,"['no_genuine_four_place_terms', 'no_dual_p4_raw_value']",,,0.0,[],,,,2026.09.05-p5.5-coherent-complete-fields,2026.09.05-place-evidence-v4-fresh-offers,2026-09-17,13,False,SHADOW_ONLY,"['trip 69% (-2.6f)', 'genuine pace']",20260930_085138
c42727d71742d00283676eae,2026-09-30T08:22:46+00:00,0.156915,0.64526,1.0,2026-09-30,17:15,2026-09-30 17:15,Sligo,Christy 'Frosty' Callaghan Memorial Chase,Itsalladream,6,15.0,17.57,12.4,6,6,5,6,6,6,6,6,6,6,0.058091,0.255739,0.402414,0.941909,0.058996,0.251767,0.393348,0.892793,0.058091,0.259711,0.419251,0.0,-0.397,-1.684,0.0,0.091,-0.794,-2.59,-4.912,0.0,0.5,0.65,0.0,84.4,100.0,0.058,18.35,21.06,2.71,0.665,1.0,1.207,0.098,-0.118,0.28,0.72,False,0.0001,0.26,NO BET,False,"['no_genuine_four_place_terms', 'no_dual_p4_raw_value']",,,0.0,[],,,,2026.09.05-p5.5-coherent-complete-fields,2026.09.05-place-evidence-v4-fresh-offers,2026-09-17,13,False,SHADOW_ONLY,"['trip 66% (+2.7f)', 'genuine pace']",20260930_085138
dc6e480943260a9d7dae2234,2026-09-30T08:22:46+00:00,0.572866,0.98118,0.997551,2026-09-30,17:25,2026-09-30 17:25,Catterick,Amstel Gallop Handicap (GBBPlus Race),Wardlaw,7,2.38,2.85,2.65,1,1,1,1,1,1,1,1,1,1,0.351963,0.793769,0.928783,0.648037,0.341944,0.775992,0.929473,0.658588,0.351963,0.811547,0.927503,0.0,-1.778,0.128,0.0,-1.002,-3.556,0.197,1.055,0.0,0.5,0.65,0.0,93.53,100.0,0.0647,11.12,12.03,0.92,0.941,1.0,1.388,0.098,-0.108,0.0,1.0,False,-0.0236,-0.2,NO BET,False,"['no_genuine_four_place_terms', 'no_dual_p4_raw_value']",,,0.0,[],2.34,2.48,32.0,2026.09.05-p5.5-coherent-complete-fields,2026.09.05-place-evidence-v4-fresh-offers,2026-09-17,13,False,SHADOW_ONLY,"['trip 94% (+0.9f)', 'contested pace']",20260930_085138
b4bf0a339a647f0781661e6f,2026-09-30T08:22:46+00:00,0.393746,0.923955,0.984966,2026-09-30,17:25,2026-09-30 17:25,Catterick,Amstel Gallop Handicap (GBBPlus Race),Green Area,7,4.33,5.16,5.04,2,2,2,2,2,2,2,2,2,2,0.193458,0.594034,0.758211,0.806542,0.203585,0.579974,0.738467,0.902947,0.193458,0.608093,0.794877,-0.0,-1.406,-3.667,0.0,1.013,-2.812,-5.641,9.64,0.0,0.5,0.65,0.0,83.53,75.0,0.0647,11.21,12.03,0.83,0.918,0.5,1.388,-0.017,0.333,0.0,1.0,False,-0.0012,-0.2,NO BET,False,"['no_genuine_four_place_terms', 'no_dual_p4_raw_value']",,,0.0,[],,,,2026.09.05-p5.5-coherent-complete-fields,2026.09.05-place-evidence-v4-fresh-offers,2026-09-17,13,False,SHADOW_ONLY,"['trip 92% (+0.8f)', 'contested pace']",20260930_085138
d6cb01fe3a1b0d67774498b9,2026-09-30T08:22:46+00:00,0.373707,0.917907,0.983346,2026-09-30,17:25,2026-09-30 17:25,Catterick,Amstel Gallop Handicap (GBBPlus Race),Ina Mina,7,4.5,5.34,5.38,3,3,3,3,3,3,3,3,3,3,0.186149,0.561264,0.740395,0.813851,0.173506,0.529255,0.71733,0.89369,0.186149,0.593273,0.783231,0.0,-3.201,-4.284,0.0,-1.264,-6.402,-6.59,7.984,0.0,0.5,0.65,0.0,83.3,100.0,0.069,13.76,12.03,-1.73,0.925,1.0,1.388,0.134,-0.073,0.0,1.0,False,-0.0242,-0.2,NO BET,False,"['no_genuine_four_place_terms', 'no_dual_p4_raw_value']",,,0.0,[],,,,2026.09.05-p5.5-coherent-complete-fields,2026.09.05-place-evidence-v4-fresh-offers,2026-09-17,13,False,SHADOW_ONLY,"['trip 92% (-1.7f)', 'contested pace']",20260930_085138
405dbb41ef61efe28d7eaf7a,2026-09-30T08:22:46+00:00,0.306854,0.86125,0.96601,2026-09-30,17:25,2026-09-30 17:25,Catterick,Amstel Gallop Handicap (GBBPlus Race),Prince Of Calypso,7,6.0,8.57,10.22,4,4,4,4,4,4,4,4,4,4,0.139612,0.474095,0.656179,0.860388,0.145874,0.466033,0.640193,0.873636,0.139612,0.482158,0.685867,0.0,-0.806,-2.969,0.0,0.626,-1.612,-4.567,1.325,0.0,0.5,0.65,0.0,83.53,100.0,0.0647,9.57,12.03,2.46,0.65,0.667,1.388,0.155,-0.26,0.0,1.0,False,0.0459,-0.2,NO BET,False,"['no_genuine_four_place_terms', 'no_dual_p4_raw_value']",,,0.0,[],,,,2026.09.05-p5.5-coherent-complete-fields,2026.09.05-place-evidence-v4-fresh-offers,2026-09-17,13,False,SHADOW_ONLY,"['trip 65% (+2.5f)', 'contested pace']",20260930_085138
e2e74dc84109ab686a5b0402,2026-09-30T08:22:46+00:00,0.155262,0.549397,0.804949,2026-09-30,17:25,2026-09-30 17:25,Catterick,Amstel Gallop Handicap (GBBPlus Race),Secret Beach,7,15.0,16.3,18.9,5,5,6,5,5,5,5,5,5,5,0.055845,0.254678,0.421116,0.944155,0.079782,0.292981,0.463108,0.902833,0.055845,0.216376,0.343132,-0.0,3.83,7.798,0.0,2.394,7.661,11.998,-4.132,0.0,0.5,0.65,0.0,83.53,100.0,0.0647,11.98,12.03,0.05,1.0,1.0,1.388,0.138,-0.108,0.0,1.0,False,0.0088,-0.2,NO BET,False,"['no_genuine_four_place_terms', 'no_dual_p4_raw_value']",,,0.0,[],13.0,250.0,19.17,2026.09.05-p5.5-coherent-complete-fields,2026.09.05-place-evidence-v4-fresh-offers,2026-09-17,13,False,SHADOW_ONLY,"['trip 100% (+0.1f)', 'contested pace']",20260930_085138
abd6136f34837d2ad50c60e3,2026-09-30T08:22:46+00:00,0.113018,0.453429,0.725527,2026-09-30,17:25,2026-09-30 17:25,Catterick,Amstel Gallop Handicap (GBBPlus Race),Sea The Power,7,19.0,27.17,35.9,6,7,7,6,6,6,6,6,6,6,0.044088,0.181949,0.266352,0.955912,0.034671,0.190728,0.260203,0.922519,0.044088,0.173169,0.277771,0.0,0.878,-1.142,0.0,-0.942,1.756,-1.757,-3.339,0.0,0.5,0.65,0.0,81.39,100.0,0.0647,8.14,12.03,3.89,0.151,1.0,1.388,-0.037,0.442,0.18,0.82,False,-0.0027,-0.2,NO BET,False,"['no_genuine_four_place_terms', 'no_dual_p4_raw_value']",,,0.0,[],14.0,1000.0,3.87,2026.09.05-p5.5-coherent-complete-fields,2026.09.05-place-evidence-v4-fresh-offers,2026-09-17,13,False,SHADOW_ONLY,"['trip 15% (+3.9f)', 'contested pace']",20260930_085138
f7ab2cbf27f1a54f9eb5a814,2026-09-30T08:22:46+00:00,0.084548,0.312882,0.53765,2026-09-30,17:25,2026-09-30 17:25,Catterick,Amstel Gallop Handicap (GBBPlus Race),Something,7,29.0,18.73,16.73,7,6,5,7,7,7,7,7,7,7,0.028885,0.140211,0.228964,0.971115,0.020638,0.165037,0.251227,0.915535,0.028885,0.115385,0.187618,-0.0,2.483,4.135,0.0,-0.825,4.965,6.361,-5.558,0.0,0.5,0.65,0.0,82.32,100.0,0.0478,11.86,12.03,0.18,0.996,1.0,1.388,0.021,0.554,0.2,0.8,False,0.0202,-0.2,NO BET,False,['no_genuine_four_place_terms'],,,0.0,[],10.0,250.0,14.75,2026.09.05-p5.5-coherent-complete-fields,2026.09.05-place-evidence-v4-fresh-offers,2026-09-17,13,False,SHADOW_ONLY,"['trip 100% (+0.2f)', 'contested pace']",20260930_085138
907211c5d3c290d8dd631fad,2026-09-30T08:22:46+00:00,0.524242,0.950765,0.983085,2026-09-30,17:30,2026-09-30 17:30,Kempton,Bet 20 Pound Get 20 Pound With Unibet Maiden Stakes (GBB/GBBPlus Race) (Div 1),Muqarrabin,11,2.38,5.12,8.06,1,2,3,1,1,1,1,1,1,1,0.333468,0.715016,0.818194,0.666532,0.260787,0.662932,0.782838,0.736169,0.333468,0.7671,0.883855,0.0,-5.208,-6.566,-0.0,-7.268,-10.417,-10.102,6.964,0.0,0.5,0.65,0.0,76.98,0.0,0.222,,7.87,,,0.0,1.087,0.0,0.0,,,False,0.0315,-1.61,NO BET,False,['low_data_coverage'],,,0.0,[],,,,2026.09.05-p5.5-coherent-complete-fields,2026.09.05-place-evidence-v4-fresh-offers,2026-09-17,13,False,SHADOW_ONLY,['genuine pace'],20260930_085138
333cb23a6fa883d2aa46172b,2026-09-30T08:22:46+00:00,0.402841,0.859264,0.935881,2026-09-30,17:30,2026-09-30 17:30,Kempton,Bet 20 Pound Get 20 Pound With Unibet Maiden Stakes (GBB/GBBPlus Race) (Div 1),Wootton King,11,4.0,7.16,15.32,2,3,4,2,2,2,2,2,2,2,0.198413,0.607269,0.735954,0.801587,0.218638,0.629146,0.732803,0.897728,0.198413,0.585391,0.741806,0.0,2.188,-0.585,0.0,2.022,4.375,-0.9,9.614,0.0,0.5,0.65,0.0,74.48,0.0,0.222,,7.87,,,0.0,1.087,0.0,0.0,,,False,0.036,-1.61,NO BET,False,['low_data_coverage'],,,0.0,[],,,,2026.09.05-p5.5-coherent-complete-fields,2026.09.05-place-evidence-v4-fresh-offers,2026-09-17,13,False,SHADOW_ONLY,['genuine pace'],20260930_085138
b8ab18bbcb4c577e3d53d588,2026-09-30T08:22:46+00:00,0.312081,0.76943,0.877956,2026-09-30,17:30,2026-09-30 17:30,Kempton,Bet 20 Pound Get 20 Pound With Unibet Maiden Stakes (GBB/GBBPlus Race) (Div 1),Encounter,11,5.5,3.24,2.23,3,1,1,3,3,3,3,3,3,3,0.144301,0.479861,0.643762,0.855699,0.156555,0.492125,0.651918,0.918774,0.144301,0.467596,0.628617,0.0,1.226,1.515,0.0,1.225,2.453,2.33,6.307,0.0,0.5,0.65,0.0,88.1,87.5,0.0859,7.04,7.87,0.83,0.918,0.667,1.087,-0.174,0.383,0.0,1.0,False,-0.0232,-1.61,NO BET,False,['no_genuine_four_place_terms'],,,0.0,[],,,,2026.09.05-p5.5-coherent-complete-fields,2026.09.05-place-evidence-v4-fresh-offers,2026-09-17,13,False,SHADOW_ONLY,"['trip 92% (+0.8f)', 'genuine pace']",20260930_085138
4de022e2a427634deb87778c,2026-09-30T08:22:46+00:00,0.202964,0.593306,0.736952,2026-09-30,17:30,2026-09-30 17:30,Kempton,Bet 20 Pound Get 20 Pound With Unibet Maiden Stakes (GBB/GBBPlus Race) (Div 1),Amico Mio,11,9.0,12.14,29.11,4,4,5,4,4,4,4,4,4,4,0.088184,0.317743,0.465945,0.911816,0.107958,0.325568,0.476426,0.927031,0.088184,0.309919,0.446481,0.0,0.782,1.946,0.0,1.977,1.565,2.994,1.521,0.0,0.5,0.65,0.0,75.84,0.0,0.222,,7.87,,,0.0,1.087,0.0,0.0,,,False,-0.0142,-1.61,NO BET,False,['low_data_coverage'],,,0.0,[],,,,2026.09.05-p5.5-coherent-complete-fields,2026.09.05-place-evidence-v4-fresh-offers,2026-09-17,13,False,SHADOW_ONLY,['genuine pace'],20260930_085138
6c961d9524335b0117deed25,2026-09-30T08:22:46+00:00,0.159025,0.485379,0.632098,2026-09-30,17:30,2026-09-30 17:30,Kempton,Bet 20 Pound Get 20 Pound With Unibet Maiden Stakes (GBB/GBBPlus Race) (Div 1),Stellar Max,11,12.0,16.12,74.57,5,6,10,5,5,5,5,5,5,5,0.066138,0.251913,0.36334,0.933862,0.081704,0.264835,0.369168,0.923526,0.066138,0.238991,0.352517,0.0,1.292,1.082,0.0,1.557,2.584,1.665,-1.034,0.0,0.5,0.65,0.0,74.48,0.0,0.222,,7.87,,,0.0,1.087,0.0,0.0,,,False,0.0013,-1.61,NO BET,False,['low_data_coverage'],,,0.0,[],,,,2026.09.05-p5.5-coherent-complete-fields,2026.09.05-place-evidence-v4-fresh-offers,2026-09-17,13,False,SHADOW_ONLY,['genuine pace'],20260930_085138
cf42f3bdb7862f23a83bd095,2026-09-30T08:22:46+00:00,0.149034,0.456578,0.601488,2026-09-30,17:30,2026-09-30 17:30,Kempton,Bet 20 Pound Get 20 Pound With Unibet Maiden Stakes (GBB/GBBPlus Race) (Div 1),Al Thara,11,13.0,15.52,55.31,6,5,6,6,6,6,6,6,6,6,0.06105,0.237018,0.354724,0.93895,0.07745,0.252079,0.368536,0.922861,0.06105,0.221957,0.329075,0.0,1.506,2.565,0.0,1.64,3.012,3.946,-1.609,0.0,0.5,0.65,0.0,74.48,0.0,0.222,,7.87,,,0.0,1.087,0.0,0.0,,,False,-0.0361,-1.61,NO BET,False,['low_data_coverage'],,,0.0,[],,,,2026.09.05-p5.5-coherent-complete-fields,2026.09.05-place-evidence-v4-fresh-offers,2026-09-17,13,False,SHADOW_ONLY,['genuine pace'],20260930_085138
2979af989318906fff69f49e,2026-09-30T08:22:46+00:00,0.115046,0.367344,0.499184,2026-09-30,17:30,2026-09-30 17:30,Kempton,Bet 20 Pound Get 20 Pound With Unibet Maiden Stakes (GBB/GBBPlus Race) (Div 1),Nehro,11,17.0,20.24,76.59,7,7,11,7,7,7,7,7,7,7,0.046685,0.183406,0.270789,0.953315,0.046892,0.194249,0.276904,0.930148,0.046685,0.172563,0.259432,0.0,1.084,1.136,0.0,0.021,2.169,1.747,-2.317,0.0,0.5,0.65,0.0,75.84,0.0,0.222,,7.87,,,0.0,1.087,0.0,0.0,,,False,-0.0177,-1.61,NO BET,False,['low_data_coverage'],,,0.0,[],,,,2026.09.05-p5.5-coherent-complete-fields,2026.09.05-place-evidence-v4-fresh-offers,2026-09-17,13,False,SHADOW_ONLY,['genuine pace'],20260930_085138
563dfa7a15bcff46e0b00631,2026-09-30T08:22:46+00:00,0.080699,0.282674,0.39332,2026-09-30,17:30,2026-09-30 17:30,Kempton,Bet 20 Pound Get 20 Pound With Unibet Maiden Stakes (GBB/GBBPlus Race) (Div 1),Selvage,11,23.0,21.29,4.24,8,8,2,8,8,8,8,8,8,8,0.034507,0.126891,0.202705,0.965493,0.023435,0.124548,0.206047,0.907649,0.034507,0.129234,0.196499,0.0,-0.234,0.621,0.0,-1.107,-0.469,0.955,-5.784,0.0,0.5,0.65,0.0,75.84,0.0,0.222,,7.87,,,0.0,1.087,0.0,0.0,,,False,-0.0397,-1.61,NO BET,False,['low_data_coverage'],,,0.0,[],,,,2026.09.05-p5.5-coherent-complete-fields,2026.09.05-place-evidence-v4-fresh-offers,2026-09-17,13,False,SHADOW_ONLY,['genuine pace'],20260930_085138
5b54c473a56accf823f9d444,2026-09-30T08:22:46+00:00,0.041695,0.16618,0.237198,2026-09-30,17:30,2026-09-30 17:30,Kempton,Bet 20 Pound Get 20 Pound With Unibet Maiden Stakes (GBB/GBBPlus Race) (Div 1),Gyroscope,11,41.0,34.79,73.07,9,9,9,9,9,9,9,9,9,9,0.019357,0.064032,0.111526,0.980643,0.014579,0.054518,0.110498,0.937535,0.019357,0.073545,0.113435,0.0,-0.951,-0.191,0.0,-0.478,-1.903,-0.294,-4.311,0.0,0.5,0.65,0.0,75.84,0.0,0.222,,7.87,,,0.0,1.087,0.0,0.0,,,False,-0.025,-1.61,NO BET,False,['low_data_coverage'],,,0.0,[],,,,2026.09.05-p5.5-coherent-complete-fields,2026.09.05-place-evidence-v4-fresh-offers,2026-09-17,13,False,SHADOW_ONLY,['genuine pace'],20260930_085138
387cb8e46cb3fa74227d85e6,2026-09-30T08:22:46+00:00,0.006187,0.03454,0.05142,2026-09-30,17:30,2026-09-30 17:30,Kempton,Bet 20 Pound Get 20 Pound With Unibet Maiden Stakes (GBB/GBBPlus Race) (Div 1),Highland Frost,11,201.0,88.38,57.72,10,11,8,10,10,11,11,11,10,11,0.003949,0.008426,0.01394,0.996051,0.005391,0.0,0.008447,0.936868,0.003949,0.016852,0.024142,0.0,-0.843,-1.02,0.0,0.144,-1.685,-1.569,-5.918,0.0,0.5,0.65,0.0,81.6,37.5,0.1174,7.14,7.87,0.74,0.935,0.167,1.087,0.0,0.0,0.0,1.0,False,0.0323,-1.61,NO BET,False,['low_data_coverage'],,,0.0,[],,,,2026.09.05-p5.5-coherent-complete-fields,2026.09.05-place-evidence-v4-fresh-offers,2026-09-17,13,False,SHADOW_ONLY,"['trip 94% (+0.7f)', 'genuine pace']",20260930_085138
2259890b54e4cbd621033450,2026-09-30T08:22:46+00:00,0.006187,0.03454,0.05142,2026-09-30,17:30,2026-09-30 17:30,Kempton,Bet 20 Pound Get 20 Pound With Unibet Maiden Stakes (GBB/GBBPlus Race) (Div 1),Kingdom Of Heaven,11,201.0,88.05,57.02,10,10,7,10,10,10,10,10,10,10,0.003949,0.008426,0.01912,0.996051,0.006611,0.0,0.016416,0.93783,0.003949,0.016852,0.024142,0.0,-0.843,-0.502,0.0,0.266,-1.685,-0.773,-5.822,0.0,0.5,0.65,0.0,82.76,50.0,0.0962,6.89,7.87,0.98,0.886,0.333,1.087,0.0,0.0,0.22,0.78,False,-0.0058,-1.61,NO BET,False,['low_data_coverage'],,,0.0,[],,,,2026.09.05-p5.5-coherent-complete-fields,2026.09.05-place-evidence-v4-fresh-offers,2026-09-17,13,False,SHADOW_ONLY,"['trip 89% (+1.0f)', 'genuine pace']",20260930_085138
e99055d30353fc021d2015e5,2026-09-30T08:22:46+00:00,0.37903,0.793816,0.871459,2026-09-30,17:50,2026-09-30 17:50,Sligo,Sligo Races Handicap Chase (0-100),Western Model,12,3.5,4.21,3.7,1,1,1,1,1,1,1,1,1,1,0.214947,0.543113,0.659554,0.785053,0.174791,0.5254,0.642645,0.932159,0.214947,0.560825,0.690958,-0.0,-1.771,-3.14,0.0,-4.016,-3.543,-4.831,14.711,0.0,0.5,0.65,0.0,92.53,100.0,0.0665,22.62,25.9,3.27,0.713,1.0,0.814,-0.094,-0.081,0.0,1.0,False,-0.0162,0.26,NO BET,False,['no_dual_p4_raw_value'],,,4.0,"['SBG', 'B365']",,,,2026.09.05-p5.5-coherent-complete-fields,2026.09.05-place-evidence-v4-fresh-offers,2026-09-17,13,False,SHADOW_ONLY,"['trip 71% (+3.3f)', 'genuine pace']",20260930_085138
ccf0b6750e520e1a990f139c,2026-09-30T08:22:46+00:00,0.351079,0.751447,0.837548,2026-09-30,17:50,2026-09-30 17:50,Sligo,Sligo Races Handicap Chase (0-100),Pourquoi Poi,12,4.0,6.45,7.0,2,2,3,2,2,2,2,2,2,2,0.188079,0.514079,0.625686,0.811921,0.168417,0.515977,0.616357,0.914115,0.188079,0.512181,0.643011,-0.0,0.19,-1.733,0.0,-1.966,0.38,-2.665,10.219,0.0,0.5,0.65,0.0,83.93,100.0,0.0411,21.29,25.9,4.6,0.308,1.0,0.814,-0.091,0.143,0.28,0.72,False,-0.0058,0.26,NO BET,False,['no_dual_p4_raw_value'],,,4.0,"['SBG', 'B365']",,,,2026.09.05-p5.5-coherent-complete-fields,2026.09.05-place-evidence-v4-fresh-offers,2026-09-17,13,False,SHADOW_ONLY,"['trip 31% (+4.6f)', 'genuine pace']",20260930_085138
3605618f1cfc79641bc1c100,2026-09-30T08:22:46+00:00,0.1826,0.47976,0.581379,2026-09-30,17:50,2026-09-30 17:50,Sligo,Sligo Races Handicap Chase (0-100),Ballagh Star,12,8.5,16.28,22.5,3,6,7,3,3,5,5,3,5,7,0.088508,0.276692,0.340075,0.911492,0.09303,0.275348,0.319657,0.937384,0.088508,0.278036,0.377995,-0.0,-0.134,-3.792,0.0,0.452,-0.269,-5.834,2.589,0.0,0.5,0.65,0.0,82.44,100.0,0.0453,24.46,25.9,1.44,0.892,1.0,0.814,-0.065,0.413,0.0,1.0,False,-0.0087,0.26,NO BET,False,['no_dual_p4_raw_value'],,,4.0,"['SBG', 'B365']",,,,2026.09.05-p5.5-coherent-complete-fields,2026.09.05-place-evidence-v4-fresh-offers,2026-09-17,13,False,SHADOW_ONLY,"['trip 89% (+1.4f)', 'genuine pace']",20260930_085138
3e3b3fb9c66ebe052f664c2f,2026-09-30T08:22:46+00:00,0.167798,0.424161,0.521354,2026-09-30,17:50,2026-09-30 17:50,Sligo,Sligo Races Handicap Chase (0-100),John Storey,12,10.0,10.84,10.36,4,4,4,4,5,3,3,4,4,3,0.075232,0.260364,0.381425,0.924768,0.092125,0.280447,0.409057,0.916778,0.075232,0.240281,0.330109,-0.0,2.008,5.132,0.0,1.689,4.017,7.895,-0.799,0.0,0.5,0.65,0.0,80.81,100.0,0.075,24.24,25.9,1.66,0.859,1.0,0.814,-0.098,-0.236,0.28,0.72,False,0.0109,0.26,NO BET,False,['no_dual_p4_raw_value'],,,4.0,"['SBG', 'B365']",,,,2026.09.05-p5.5-coherent-complete-fields,2026.09.05-place-evidence-v4-fresh-offers,2026-09-17,13,False,SHADOW_ONLY,"['trip 86% (+1.7f)', 'genuine pace']",20260930_085138
c30c15383c0246730e87d473,2026-09-30T08:22:46+00:00,0.154938,0.424161,0.521354,2026-09-30,17:50,2026-09-30 17:50,Sligo,Sligo Races Handicap Chase (0-100),Revolut Ned,12,10.0,20.38,30.48,4,8,9,4,6,7,8,6,8,8,0.075232,0.234643,0.31854,0.924768,0.082586,0.229006,0.31231,0.927982,0.075232,0.240281,0.330109,-0.0,-0.564,-1.157,0.0,0.735,-1.127,-1.78,0.321,0.0,0.5,0.65,0.0,82.99,100.0,0.058,22.07,25.9,3.82,0.444,1.0,0.814,-0.079,-0.144,0.0,1.0,False,-0.0061,0.26,NO BET,False,['no_dual_p4_raw_value'],,,4.0,"['SBG', 'B365']",,,,2026.09.05-p5.5-coherent-complete-fields,2026.09.05-place-evidence-v4-fresh-offers,2026-09-17,13,False,SHADOW_ONLY,"['trip 44% (+3.8f)', 'genuine pace']",20260930_085138
4368074f988d66e0a40a1b6f,2026-09-30T08:22:46+00:00,0.170114,0.424161,0.521354,2026-09-30,17:50,2026-09-30 17:50,Sligo,Sligo Races Handicap Chase (0-100),Mini Getaway,12,10.0,12.14,12.54,4,5,5,4,4,4,4,5,3,4,0.075232,0.264997,0.374257,0.924768,0.091018,0.289714,0.39803,0.923513,0.075232,0.240281,0.330109,-0.0,2.472,4.415,0.0,1.579,4.943,6.792,-0.126,0.0,0.5,0.65,0.0,80.58,100.0,0.0792,23.08,25.9,2.82,0.643,0.833,0.814,-0.059,0.2,0.0,1.0,False,-0.009,0.26,NO BET,False,['no_dual_p4_raw_value'],,,4.0,"['SBG', 'B365']",8.0,210.0,10.39,2026.09.05-p5.5-coherent-complete-fields,2026.09.05-place-evidence-v4-fresh-offers,2026-09-17,13,False,SHADOW_ONLY,"['trip 64% (+2.8f)', 'genuine pace']",20260930_085138
e4d0bb93d7ed3fd4f459bb58,2026-09-30T08:22:46+00:00,0.133917,0.342915,0.429449,2026-09-30,17:50,2026-09-30 17:50,Sligo,Sligo Races Handicap Chase (0-100),Fr Gilligansvoyge,12,13.0,8.07,5.54,7,3,2,7,8,8,7,7,7,6,0.05787,0.209963,0.316698,0.94213,0.071578,0.23121,0.345765,0.895209,0.05787,0.188716,0.262714,-0.0,2.125,5.398,0.0,1.371,4.249,8.305,-4.692,0.0,0.5,0.65,0.0,78.46,100.0,0.0496,22.97,25.9,2.92,0.622,1.0,0.814,-0.121,0.181,0.0,1.0,False,0.0358,0.26,NO BET,False,['outside_validated_place_pocket'],,Each Way,4.0,"['SBG', 'B365']",8.0,75.0,12.39,2026.09.05-p5.5-coherent-complete-fields,2026.09.05-place-evidence-v4-fresh-offers,2026-09-17,13,False,SHADOW_ONLY,"['trip 62% (+2.9f)', 'genuine pace']",20260930_085138
1349c9231e94a78d691e6c8c,2026-09-30T08:22:46+00:00,0.134369,0.342915,0.429449,2026-09-30,17:50,2026-09-30 17:50,Sligo,Sligo Races Handicap Chase (0-100),My Good Pal,12,13.0,17.12,19.58,7,7,6,7,7,6,6,8,6,5,0.05787,0.210867,0.322854,0.94213,0.067998,0.233017,0.355237,0.902264,0.05787,0.188716,0.262714,-0.0,2.215,6.014,0.0,1.013,4.43,9.252,-3.987,0.0,0.5,0.65,0.0,82.21,100.0,0.0496,20.21,25.9,5.68,0.166,1.0,0.814,-0.098,-0.087,0.0,1.0,False,-0.0194,0.26,NO BET,False,['no_dual_p4_raw_value'],,,4.0,"['SBG', 'B365']",9.0,190.0,10.08,2026.09.05-p5.5-coherent-complete-fields,2026.09.05-place-evidence-v4-fresh-offers,2026-09-17,13,False,SHADOW_ONLY,"['trip 17% (+5.7f)', 'genuine pace']",20260930_085138
d797133594b61e992501366c,2026-09-30T08:22:46+00:00,0.129,0.342915,0.429449,2026-09-30,17:50,2026-09-30 17:50,Sligo,Sligo Races Handicap Chase (0-100),The Little Yank,12,13.0,21.08,28.04,7,9,8,7,9,9,9,9,9,9,0.05787,0.200129,0.282443,0.94213,0.060859,0.211542,0.293067,0.912284,0.05787,0.188716,0.262714,-0.0,1.141,1.973,0.0,0.299,2.283,3.035,-2.985,0.0,0.5,0.65,0.0,83.46,100.0,0.0496,23.39,25.9,2.5,0.706,1.0,0.814,-0.162,-0.446,0.0,1.0,False,-0.0137,0.26,NO BET,False,['no_dual_p4_raw_value'],,,4.0,"['SBG', 'B365']",,,,2026.09.05-p5.5-coherent-complete-fields,2026.09.05-place-evidence-v4-fresh-offers,2026-09-17,13,False,SHADOW_ONLY,"['trip 71% (+2.5f)', 'genuine pace']",20260930_085138
177b67e234cf01e59ccca46c,2026-09-30T08:22:46+00:00,0.095561,0.303619,0.383361,2026-09-30,17:50,2026-09-30 17:50,Sligo,Sligo Races Handicap Chase (0-100),Three County Star,12,15.0,24.44,33.64,10,10,10,10,10,10,10,10,10,10,0.050154,0.140967,0.19622,0.949846,0.046791,0.116911,0.177474,0.922917,0.050154,0.165022,0.231035,-0.0,-2.406,-3.481,0.0,-0.336,-4.811,-5.356,-2.693,0.0,0.5,0.65,0.0,82.53,100.0,0.0665,21.71,25.9,4.18,0.497,1.0,0.814,-0.089,-0.177,0.0,1.0,False,-0.0043,0.26,NO BET,False,['no_dual_p4_raw_value'],,,4.0,"['SBG', 'B365']",14.0,1000.0,5.98,2026.09.05-p5.5-coherent-complete-fields,2026.09.05-place-evidence-v4-fresh-offers,2026-09-17,13,False,SHADOW_ONLY,"['trip 50% (+4.2f)', 'genuine pace']",20260930_085138
5ae2a168e3af2b1f3aa99f10,2026-09-30T08:22:46+00:00,0.081631,0.272231,0.345852,2026-09-30,17:50,2026-09-30 17:50,Sligo,Sligo Races Handicap Chase (0-100),Mr Devlin,12,17.0,30.96,47.88,11,11,11,11,11,11,11,11,11,11,0.044254,0.119008,0.146889,0.955746,0.037071,0.091428,0.115007,0.92196,0.044254,0.146587,0.206099,-0.0,-2.758,-5.921,0.0,-0.718,-5.516,-9.109,-3.379,0.0,0.5,0.65,0.0,80.57,100.0,0.1022,18.38,25.9,7.52,0.043,1.0,0.814,-0.078,-0.163,0.0,1.0,False,0.0191,0.26,NO BET,False,['no_dual_p4_raw_value'],,,4.0,"['SBG', 'B365']",,,,2026.09.05-p5.5-coherent-complete-fields,2026.09.05-place-evidence-v4-fresh-offers,2026-09-17,13,False,SHADOW_ONLY,"['trip 4% (+7.5f)', 'genuine pace']",20260930_085138
7c30dcfac5e385a76d820181,2026-09-30T08:22:46+00:00,0.019965,0.097898,0.127994,2026-09-30,17:50,2026-09-30 17:50,Sligo,Sligo Races Handicap Chase (0-100),Tullabrack Lad,12,51.0,51.65,65.59,12,12,12,12,12,12,12,12,12,12,0.014751,0.025179,0.035358,0.985249,0.013736,0.0,0.015395,0.933311,0.014751,0.050359,0.072432,-0.0,-2.518,-3.707,0.0,-0.102,-5.036,-5.704,-5.194,0.0,0.5,0.65,0.0,81.6,100.0,0.0835,23.69,25.9,2.21,0.762,0.833,0.814,-0.06,0.108,0.0,1.0,True,-0.0057,0.26,NO BET,False,['no_dual_p4_raw_value'],,,4.0,"['SBG', 'B365']",14.0,1000.0,3.59,2026.09.05-p5.5-coherent-complete-fields,2026.09.05-place-evidence-v4-fresh-offers,2026-09-17,13,False,SHADOW_ONLY,"['trip 76% (+2.2f)', 'genuine pace', 'second run back']",20260930_085138
3f30ff055b06ee209236f1e4,2026-09-30T08:22:46+00:00,0.500487,0.948871,0.987282,2026-09-30,17:55,2026-09-30 17:55,Catterick,Racing Again 17th October Amateur Jockeys' Handicap,Albegone,8,3.0,3.17,2.86,1,1,1,1,1,1,1,1,1,1,0.280637,0.720337,0.852588,0.719363,0.289723,0.719105,0.846759,0.722173,0.280637,0.72157,0.863413,0.0,-0.123,-1.083,0.0,0.909,-0.246,-1.665,0.281,0.0,0.5,0.65,0.0,94.02,100.0,0.0562,5.04,4.98,-0.06,1.0,1.0,1.355,0.132,-0.093,0.0,1.0,False,-0.0058,-0.33,NO BET,False,"['no_genuine_four_place_terms', 'no_dual_p4_raw_value']",,,0.0,[],2.66,250.0,17.66,2026.09.05-p5.5-coherent-complete-fields,2026.09.05-place-evidence-v4-fresh-offers,2026-09-17,13,False,SHADOW_ONLY,"['trip 100% (-0.1f)', 'contested pace']",20260930_085138
10c46f102b7de94b79e6cd7d,2026-09-30T08:22:46+00:00,0.460424,0.938945,0.98403,2026-09-30,17:55,2026-09-30 17:55,Catterick,Racing Again 17th October Amateur Jockeys' Handicap,Jojo Rabbit,8,3.25,7.44,11.43,2,4,4,2,2,2,2,2,2,2,0.259049,0.661798,0.807929,0.740951,0.232129,0.6298,0.788559,0.817929,0.259049,0.693795,0.843901,0.0,-3.2,-3.597,0.0,-2.692,-6.399,-5.534,7.698,0.0,0.5,0.65,0.0,80.27,100.0,0.0562,5.09,4.98,-0.11,0.999,1.0,1.355,-0.025,0.303,0.0,1.0,False,0.0372,-0.33,NO BET,False,"['no_genuine_four_place_terms', 'no_dual_p4_raw_value']",,,0.0,[],,,,2026.09.05-p5.5-coherent-complete-fields,2026.09.05-place-evidence-v4-fresh-offers,2026-09-17,13,False,SHADOW_ONLY,"['trip 100% (-0.1f)', 'contested pace']",20260930_085138
71a8c5349bc5f6355d7f9bac,2026-09-30T08:22:46+00:00,0.337008,0.859688,0.952588,2026-09-30,17:55,2026-09-30 17:55,Catterick,Racing Again 17th October Amateur Jockeys' Handicap,Zuffolo,8,5.0,5.94,6.24,3,3,3,3,3,3,3,3,3,3,0.168382,0.505634,0.679036,0.831618,0.154615,0.478382,0.661276,0.898564,0.168382,0.532887,0.712019,0.0,-2.725,-3.298,0.0,-1.377,-5.45,-5.074,6.695,0.0,0.5,0.65,0.0,84.26,100.0,0.052,5.0,4.98,-0.02,1.0,1.0,1.355,-0.066,0.33,0.0,1.0,False,-0.0117,-0.33,NO BET,False,"['no_genuine_four_place_terms', 'no_dual_p4_raw_value']",,,0.0,[],,,,2026.09.05-p5.5-coherent-complete-fields,2026.09.05-place-evidence-v4-fresh-offers,2026-09-17,13,False,SHADOW_ONLY,"['trip 100% (-0.0f)', 'contested pace']",20260930_085138
0100e2892d2007815b31ed1b,2026-09-30T08:22:46+00:00,0.242684,0.697963,0.86436,2026-09-30,17:55,2026-09-30 17:55,Catterick,Racing Again 17th October Amateur Jockeys' Handicap,So Grateful,8,8.5,5.46,4.11,4,2,2,4,4,4,4,4,4,4,0.099048,0.38632,0.553388,0.900952,0.124255,0.424927,0.576211,0.87475,0.099048,0.347713,0.511003,0.0,3.861,4.238,0.0,2.521,7.721,6.521,-2.62,0.0,0.5,0.65,0.0,80.74,100.0,0.0478,5.56,4.98,-0.57,0.96,1.0,1.355,-0.086,0.413,0.34,0.66,False,0.0123,-0.33,NO BET,False,['no_genuine_four_place_terms'],,,0.0,[],6.0,55.0,10.32,2026.09.05-p5.5-coherent-complete-fields,2026.09.05-place-evidence-v4-fresh-offers,2026-09-17,13,False,SHADOW_ONLY,"['trip 96% (-0.6f)', 'contested pace', 'last run compromised']",20260930_085138
ec80ce44e3c2368473dc512e,2026-09-30T08:22:46+00:00,0.230326,0.697963,0.86436,2026-09-30,17:55,2026-09-30 17:55,Catterick,Racing Again 17th October Amateur Jockeys' Handicap,Gwen Tennyson,8,8.5,12.73,17.25,4,5,5,4,5,5,5,5,5,5,0.099048,0.361604,0.531506,0.900952,0.108337,0.375495,0.542546,0.883543,0.099048,0.347713,0.511003,0.0,1.389,2.05,0.0,0.929,2.778,3.154,-1.741,0.0,0.5,0.65,0.0,84.49,100.0,0.0478,5.02,4.98,-0.04,1.0,1.0,1.355,0.001,0.125,0.0,1.0,False,-0.0246,-0.33,NO BET,False,"['no_genuine_four_place_terms', 'no_dual_p4_raw_value']",,,0.0,[],8.0,250.0,19.11,2026.09.05-p5.5-coherent-complete-fields,2026.09.05-place-evidence-v4-fresh-offers,2026-09-17,13,False,SHADOW_ONLY,"['trip 100% (-0.0f)', 'contested pace']",20260930_085138
9b92722c900cba7fec53ec9e,2026-09-30T08:22:46+00:00,0.107582,0.391066,0.599655,2026-09-30,17:55,2026-09-30 17:55,Catterick,Racing Again 17th October Amateur Jockeys' Handicap,Mayflower Rock,8,19.0,21.21,27.37,6,6,6,6,6,6,6,6,6,6,0.044311,0.170852,0.281849,0.955689,0.04435,0.175334,0.294376,0.893574,0.044311,0.166371,0.258582,0.0,0.448,2.327,0.0,0.004,0.896,3.579,-6.212,0.0,0.5,0.65,0.0,83.56,100.0,0.0647,5.96,4.98,-0.97,0.888,1.0,1.355,0.147,-0.186,0.0,1.0,False,0.0179,-0.33,NO BET,False,"['no_genuine_four_place_terms', 'no_dual_p4_raw_value']",,,0.0,[],,,,2026.09.05-p5.5-coherent-complete-fields,2026.09.05-place-evidence-v4-fresh-offers,2026-09-17,13,False,SHADOW_ONLY,"['trip 89% (-1.0f)', 'contested pace']",20260930_085138
dfdbf2e225da76b59556c8db,2026-09-30T08:22:46+00:00,0.060801,0.232752,0.373862,2026-09-30,17:55,2026-09-30 17:55,Catterick,Racing Again 17th October Amateur Jockeys' Handicap,Loco Lobo,8,34.0,25.85,28.25,7,7,7,7,7,7,7,7,7,7,0.024762,0.096839,0.151177,0.975238,0.024239,0.098702,0.15179,0.910682,0.024762,0.094976,0.150039,0.0,0.186,0.114,0.0,-0.052,0.373,0.175,-6.456,0.0,0.5,0.65,0.0,82.63,100.0,0.0817,5.07,4.98,-0.09,0.999,0.167,1.355,-0.079,0.25,0.0,1.0,False,-0.0103,-0.33,NO BET,False,['no_genuine_four_place_terms'],,,0.0,[],10.5,600.0,13.6,2026.09.05-p5.5-coherent-complete-fields,2026.09.05-place-evidence-v4-fresh-offers,2026-09-17,13,False,SHADOW_ONLY,"['trip 100% (-0.1f)', 'contested pace']",20260930_085138
c6c5797599c153698c34b8df,2026-09-30T08:22:46+00:00,0.060689,0.232752,0.373862,2026-09-30,17:55,2026-09-30 17:55,Catterick,Racing Again 17th October Amateur Jockeys' Handicap,Ninety Nine,8,34.0,28.83,34.41,7,8,8,7,8,8,8,8,8,8,0.024762,0.096615,0.142527,0.975238,0.022352,0.098254,0.138483,0.921146,0.024762,0.094976,0.150039,0.0,0.164,-0.751,0.0,-0.241,0.328,-1.156,-5.409,0.0,0.5,0.65,0.0,84.26,100.0,0.052,5.3,4.98,-0.32,0.987,1.0,1.355,-0.036,0.183,0.2,0.8,True,0.029,-0.33,NO BET,False,"['no_genuine_four_place_terms', 'no_dual_p4_raw_value']",,,0.0,[],12.0,600.0,12.57,2026.09.05-p5.5-coherent-complete-fields,2026.09.05-place-evidence-v4-fresh-offers,2026-09-17,13,False,SHADOW_ONLY,"['trip 99% (-0.3f)', 'contested pace', 'second run back']",20260930_085138
69f9df8919bd6eef631b8a6f,2026-09-30T08:22:46+00:00,0.453505,0.908349,0.9673,2026-09-30,18:00,2026-09-30 18:00,Kempton,Bet 20 Pound Get 20 Pound With Unibet Maiden Stakes (GBB/GBBPlus Race) (Div 2),Votadini,10,3.25,6.85,34.84,1,3,6,1,1,1,1,1,1,1,0.254207,0.652803,0.762493,0.745793,0.231335,0.645549,0.739137,0.853151,0.254207,0.660056,0.80587,0.0,-0.725,-4.338,0.0,-2.287,-1.451,-6.673,10.736,0.0,0.5,0.65,0.0,74.74,0.0,0.222,,7.87,,,0.0,0.975,0.0,0.0,,,False,0.036,-1.61,NO BET,False,['low_data_coverage'],,,0.0,[],,,,2026.09.05-p5.5-coherent-complete-fields,2026.09.05-place-evidence-v4-fresh-offers,2026-09-17,13,False,SHADOW_ONLY,['genuine pace'],20260930_085138
245fe32b79f3fdade3bd845d,2026-09-30T08:22:46+00:00,0.366169,0.835184,0.930151,2026-09-30,18:00,2026-09-30 18:00,Kempton,Bet 20 Pound Get 20 Pound With Unibet Maiden Stakes (GBB/GBBPlus Race) (Div 2),Talamon,10,4.5,3.39,2.33,2,1,1,2,2,2,3,2,2,2,0.183594,0.548743,0.710342,0.816406,0.181052,0.558955,0.716159,0.901724,0.183594,0.538531,0.699541,0.0,1.021,1.08,0.0,-0.254,2.042,1.662,8.532,0.0,0.5,0.65,0.0,86.53,62.5,0.0986,7.2,7.87,0.67,0.945,0.333,0.975,0.0,0.0,0.0,1.0,False,0.0074,-1.61,NO BET,False,['low_data_coverage'],,,0.0,[],,,,2026.09.05-p5.5-coherent-complete-fields,2026.09.05-place-evidence-v4-fresh-offers,2026-09-17,13,False,SHADOW_ONLY,"['trip 94% (+0.7f)', 'genuine pace']",20260930_085138
599a842fa1e349adce999f2a,2026-09-30T08:22:46+00:00,0.340899,0.805554,0.913151,2026-09-30,18:00,2026-09-30 18:00,Kempton,Bet 20 Pound Get 20 Pound With Unibet Maiden Stakes (GBB/GBBPlus Race) (Div 2),Jinman,10,5.0,4.9,4.43,3,2,2,3,3,3,2,3,3,3,0.165235,0.516564,0.670837,0.834765,0.175393,0.53381,0.676053,0.901084,0.165235,0.499318,0.66115,0.0,1.725,0.969,0.0,1.016,3.449,1.49,6.632,0.0,0.5,0.65,0.0,81.23,50.0,0.1131,7.16,7.87,0.71,0.939,0.333,0.975,0.0,0.0,0.22,0.78,False,-0.0048,-1.61,NO BET,False,['low_data_coverage'],,,0.0,[],,,,2026.09.05-p5.5-coherent-complete-fields,2026.09.05-place-evidence-v4-fresh-offers,2026-09-17,13,False,SHADOW_ONLY,"['trip 94% (+0.7f)', 'genuine pace']",20260930_085138
6c3e80d3207b07c65065ba99,2026-09-30T08:22:46+00:00,0.325742,0.805554,0.913151,2026-09-30,18:00,2026-09-30 18:00,Kempton,Bet 20 Pound Get 20 Pound With Unibet Maiden Stakes (GBB/GBBPlus Race) (Div 2),Sabulo,10,5.0,9.13,37.14,3,4,8,3,4,4,4,4,4,4,0.165235,0.486248,0.627941,0.834765,0.162617,0.473179,0.61006,0.932444,0.165235,0.499318,0.66115,0.0,-1.307,-3.321,0.0,-0.262,-2.614,-5.109,9.768,0.0,0.5,0.65,0.0,75.24,0.0,0.222,,7.87,,,0.0,0.975,0.0,0.0,,,False,-0.0053,-1.61,NO BET,False,['low_data_coverage'],,,0.0,[],,,,2026.09.05-p5.5-coherent-complete-fields,2026.09.05-place-evidence-v4-fresh-offers,2026-09-17,13,False,SHADOW_ONLY,['genuine pace'],20260930_085138
f58ae4dd4950991f08aac976,2026-09-30T08:22:46+00:00,0.217925,0.644263,0.802637,2026-09-30,18:00,2026-09-30 18:00,Kempton,Bet 20 Pound Get 20 Pound With Unibet Maiden Stakes (GBB/GBBPlus Race) (Div 2),Imperialism,10,8.0,12.13,36.52,5,5,7,5,5,5,5,5,5,5,0.103272,0.332579,0.479849,0.896728,0.118116,0.323508,0.478072,0.914892,0.103272,0.34165,0.48315,0.0,-0.907,-0.33,0.0,1.484,-1.814,-0.508,1.816,0.0,0.5,0.65,0.0,75.24,0.0,0.222,,7.87,,,0.0,0.975,0.0,0.0,,,False,-0.0142,-1.61,NO BET,False,['low_data_coverage'],,,0.0,[],,,,2026.09.05-p5.5-coherent-complete-fields,2026.09.05-place-evidence-v4-fresh-offers,2026-09-17,13,False,SHADOW_ONLY,['genuine pace'],20260930_085138
3ee2f8da557cdbf348ed499d,2026-09-30T08:22:46+00:00,0.115726,0.366453,0.528524,2026-09-30,18:00,2026-09-30 18:00,Kempton,Bet 20 Pound Get 20 Pound With Unibet Maiden Stakes (GBB/GBBPlus Race) (Div 2),Finger Cross,10,17.0,18.28,8.41,6,6,3,6,6,6,6,6,6,6,0.048598,0.182854,0.284778,0.951402,0.054277,0.193744,0.300461,0.894379,0.048598,0.171964,0.255651,0.0,1.089,2.913,0.0,0.568,2.178,4.481,-5.702,0.0,0.5,0.65,0.0,81.0,37.5,0.1174,8.0,7.87,-0.13,0.998,0.167,0.975,0.0,0.0,0.22,0.78,False,-0.0006,-1.61,NO BET,False,['low_data_coverage'],,,0.0,[],,,,2026.09.05-p5.5-coherent-complete-fields,2026.09.05-place-evidence-v4-fresh-offers,2026-09-17,13,False,SHADOW_ONLY,"['trip 100% (-0.1f)', 'genuine pace']",20260930_085138
8039378098e6982625599ffb,2026-09-30T08:22:46+00:00,0.092998,0.305045,0.447473,2026-09-30,18:00,2026-09-30 18:00,Kempton,Bet 20 Pound Get 20 Pound With Unibet Maiden Stakes (GBB/GBBPlus Race) (Div 2),Kesari,10,21.0,22.81,40.88,7,7,9,7,7,7,7,7,7,7,0.039342,0.146654,0.218069,0.960658,0.039963,0.152664,0.222045,0.927324,0.039342,0.140644,0.210683,0.0,0.601,0.739,0.0,0.062,1.202,1.136,-3.333,0.0,0.5,0.65,0.0,75.24,0.0,0.222,,7.87,,,0.0,0.975,0.0,0.0,,,False,0.0013,-1.61,NO BET,False,['low_data_coverage'],,,0.0,[],,,,2026.09.05-p5.5-coherent-complete-fields,2026.09.05-place-evidence-v4-fresh-offers,2026-09-17,13,False,SHADOW_ONLY,['genuine pace'],20260930_085138
e54f299d59cceaa8e2b76d44,2026-09-30T08:22:46+00:00,0.063225,0.227902,0.340208,2026-09-30,18:00,2026-09-30 18:00,Kempton,Bet 20 Pound Get 20 Pound With Unibet Maiden Stakes (GBB/GBBPlus Race) (Div 2),Sashimono,10,29.0,28.45,43.79,8,8,10,8,8,8,8,8,8,8,0.028489,0.097962,0.156573,0.971511,0.023458,0.092895,0.157046,0.929637,0.028489,0.103028,0.155693,0.0,-0.507,0.088,0.0,-0.503,-1.013,0.135,-4.187,0.0,0.5,0.65,0.0,75.24,0.0,0.222,,7.87,,,0.0,0.975,0.0,0.0,,,False,0.0265,-1.61,NO BET,False,['low_data_coverage'],,,0.0,[],,,,2026.09.05-p5.5-coherent-complete-fields,2026.09.05-place-evidence-v4-fresh-offers,2026-09-17,13,False,SHADOW_ONLY,['genuine pace'],20260930_085138
9404a319e33de9ce3ef27947,2026-09-30T08:22:46+00:00,0.014195,0.05563,0.085609,2026-09-30,18:00,2026-09-30 18:00,Kempton,Bet 20 Pound Get 20 Pound With Unibet Maiden Stakes (GBB/GBBPlus Race) (Div 2),Montgomery Bell,10,126.0,64.32,15.98,9,9,4,9,9,9,9,9,9,9,0.006557,0.021832,0.05483,0.993443,0.007948,0.019276,0.064637,0.911659,0.006557,0.024388,0.036616,0.0,-0.256,1.821,0.0,0.139,-0.511,2.802,-8.178,0.0,0.5,0.65,0.0,83.1,50.0,0.0792,6.52,7.87,1.35,0.795,0.333,0.975,-0.003,0.0,0.0,1.0,False,-0.0158,-1.61,NO BET,False,['low_data_coverage'],,,0.0,[],,,,2026.09.05-p5.5-coherent-complete-fields,2026.09.05-place-evidence-v4-fresh-offers,2026-09-17,13,False,SHADOW_ONLY,"['trip 80% (+1.4f)', 'genuine pace']",20260930_085138
cbb844d0658539d4609aa4f6,2026-09-30T08:22:46+00:00,0.009616,0.046068,0.071796,2026-09-30,18:00,2026-09-30 18:00,Kempton,Bet 20 Pound Get 20 Pound With Unibet Maiden Stakes (GBB/GBBPlus Race) (Div 2),Stephen's Secret,10,151.0,72.89,30.36,10,10,5,10,10,10,10,10,10,10,0.005471,0.013761,0.034289,0.994529,0.005842,0.006419,0.03633,0.923639,0.005471,0.021103,0.030497,0.0,-0.734,0.379,0.0,0.037,-1.468,0.583,-7.089,0.0,0.5,0.65,0.0,81.93,37.5,0.1004,6.89,7.87,0.98,0.886,0.167,0.975,0.0,0.0,0.0,1.0,False,-0.0058,-1.61,NO BET,False,['low_data_coverage'],,,0.0,[],,,,2026.09.05-p5.5-coherent-complete-fields,2026.09.05-place-evidence-v4-fresh-offers,2026-09-17,13,False,SHADOW_ONLY,"['trip 89% (+1.0f)', 'genuine pace']",20260930_085138
c8ed1240ace997ea89a7a38d,2026-09-30T08:22:46+00:00,0.391438,0.823902,0.901874,2026-09-30,18:30,2026-09-30 18:30,Kempton,Unibet More Extra Place Races Handicap,Hove Ranger,11,3.5,6.27,7.71,1,3,3,1,1,2,2,2,2,2,0.21767,0.565207,0.673698,0.78233,0.192096,0.552133,0.650819,0.861938,0.21767,0.57828,0.716189,-0.0,-1.307,-4.249,0.0,-2.557,-2.615,-6.537,7.961,0.0,0.5,0.65,0.0,85.05,100.0,0.0478,8.21,7.87,-0.34,0.986,1.0,0.757,-0.085,0.078,0.0,1.0,False,0.0165,-1.61,NO BET,False,['no_dual_p4_raw_value'],,,4.0,"['SBG', 'B365']",,,,2026.09.05-p5.5-coherent-complete-fields,2026.09.05-place-evidence-v4-fresh-offers,2026-09-17,13,False,SHADOW_ONLY,"['trip 99% (-0.3f)', 'genuine pace']",20260930_085138
5c7cf1de20347f2dabe1df74,2026-09-30T08:22:46+00:00,0.383042,0.804052,0.887658,2026-09-30,18:30,2026-09-30 18:30,Kempton,Unibet More Extra Place Races Handicap,Karakula Dancer,11,3.75,4.93,4.79,2,1,1,2,2,1,1,1,1,1,0.203158,0.562925,0.680072,0.796842,0.209534,0.573076,0.673605,0.902906,0.203158,0.552774,0.692083,-0.0,1.015,-1.201,0.0,0.638,2.03,-1.848,10.606,0.0,0.5,0.65,0.0,90.95,100.0,0.0562,7.92,7.87,-0.05,1.0,1.0,0.757,-0.104,-0.1,0.0,1.0,False,0.0191,-1.61,NO BET,False,['no_dual_p4_raw_value'],,,4.0,"['SBG', 'B365']",6.6,42.0,10.88,2026.09.05-p5.5-coherent-complete-fields,2026.09.05-place-evidence-v4-fresh-offers,2026-09-17,13,False,SHADOW_ONLY,"['trip 100% (-0.1f)', 'genuine pace']",20260930_085138
17ddecc72275ab77c1699f13,2026-09-30T08:22:46+00:00,0.286557,0.676333,0.785975,2026-09-30,18:30,2026-09-30 18:30,Kempton,Unibet More Extra Place Races Handicap,Mr Fustic,11,5.5,6.16,5.5,3,2,2,3,3,3,3,3,3,3,0.138517,0.434597,0.568277,0.861483,0.153598,0.452383,0.577434,0.910039,0.138517,0.416811,0.551272,-0.0,1.779,1.701,0.0,1.508,3.557,2.616,4.856,0.0,0.5,0.65,0.0,82.32,100.0,0.052,7.94,7.87,-0.07,0.999,1.0,0.757,-0.14,-0.295,0.0,1.0,False,0.0234,-1.61,NO BET,False,['no_dual_p4_raw_value'],,,4.0,"['SBG', 'B365']",4.8,240.0,11.02,2026.09.05-p5.5-coherent-complete-fields,2026.09.05-place-evidence-v4-fresh-offers,2026-09-17,13,False,SHADOW_ONLY,"['trip 100% (-0.1f)', 'genuine pace']",20260930_085138
b5a22237301ae9f1a14207ad,2026-09-30T08:22:46+00:00,0.228052,0.586887,0.704929,2026-09-30,18:30,2026-09-30 18:30,Kempton,Unibet More Extra Place Races Handicap,Lovely Jubly,11,7.0,8.15,7.73,4,4,4,4,4,4,4,5,4,4,0.108835,0.347269,0.466178,0.891165,0.090411,0.353136,0.46743,0.918997,0.108835,0.341401,0.463854,-0.0,0.587,0.232,0.0,-1.842,1.174,0.358,2.783,0.0,0.5,0.65,0.0,83.92,100.0,0.0478,7.75,7.87,0.12,0.998,1.0,0.757,-0.081,0.044,0.0,1.0,True,0.0051,-1.61,NO BET,False,['no_dual_p4_raw_value'],,,4.0,"['SBG', 'B365']",5.7,240.0,10.03,2026.09.05-p5.5-coherent-complete-fields,2026.09.05-place-evidence-v4-fresh-offers,2026-09-17,13,False,SHADOW_ONLY,"['trip 100% (+0.1f)', 'genuine pace', 'second run back']",20260930_085138
da335dbf66f88d013919c00f,2026-09-30T08:22:46+00:00,0.199147,0.514715,0.633738,2026-09-30,18:30,2026-09-30 18:30,Kempton,Unibet More Extra Place Races Handicap,Amber Honey,11,8.5,8.86,7.88,5,5,5,5,5,5,5,4,5,5,0.089629,0.308665,0.432281,0.910371,0.100507,0.328997,0.450527,0.888198,0.089629,0.288333,0.398394,-0.0,2.033,3.389,0.0,1.088,4.066,5.213,-2.217,0.0,0.5,0.65,0.0,83.92,100.0,0.0478,8.07,7.87,-0.2,0.995,1.0,0.757,-0.146,-0.181,0.0,1.0,False,0.0225,-1.61,NO BET,False,['no_dual_p4_raw_value'],,,4.0,"['SBG', 'B365']",6.0,240.0,10.11,2026.09.05-p5.5-coherent-complete-fields,2026.09.05-place-evidence-v4-fresh-offers,2026-09-17,13,False,SHADOW_ONLY,"['trip 100% (-0.2f)', 'genuine pace']",20260930_085138
1db3dee5fcfe06cc3454e8bf,2026-09-30T08:22:46+00:00,0.135159,0.370425,0.475863,2026-09-30,18:30,2026-09-30 18:30,Kempton,Unibet More Extra Place Races Handicap,Melodical,11,13.0,21.24,29.24,6,7,8,6,6,6,6,6,6,6,0.058603,0.211714,0.32717,0.941397,0.070515,0.227599,0.353887,0.905161,0.058603,0.195829,0.277554,-0.0,1.589,4.962,0.0,1.191,3.177,7.633,-3.624,0.0,0.5,0.65,0.0,81.62,100.0,0.0647,6.64,7.87,1.23,0.828,1.0,0.757,-0.068,0.0,0.0,1.0,False,-0.0088,-1.61,NO BET,False,['no_dual_p4_raw_value'],,,4.0,"['SBG', 'B365']",,,,2026.09.05-p5.5-coherent-complete-fields,2026.09.05-place-evidence-v4-fresh-offers,2026-09-17,13,False,SHADOW_ONLY,"['trip 83% (+1.2f)', 'genuine pace']",20260930_085138
4b4959f94df7a915bbbe6816,2026-09-30T08:22:46+00:00,0.11287,0.32843,0.426263,2026-09-30,18:30,2026-09-30 18:30,Kempton,Unibet More Extra Place Races Handicap,Squiffy,11,15.0,19.52,14.98,7,6,6,7,7,7,7,7,7,7,0.05079,0.17495,0.272586,0.94921,0.059454,0.178636,0.287868,0.887931,0.05079,0.171264,0.244204,-0.0,0.369,2.838,0.0,0.866,0.737,4.366,-6.128,0.0,0.5,0.65,0.0,81.62,87.5,0.0647,7.71,7.87,0.16,0.997,0.667,0.757,-0.07,-0.13,0.0,1.0,True,-0.0082,-1.61,NO BET,False,['no_dual_p4_raw_value'],,,4.0,"['SBG', 'B365']",,,,2026.09.05-p5.5-coherent-complete-fields,2026.09.05-place-evidence-v4-fresh-offers,2026-09-17,13,False,SHADOW_ONLY,"['trip 100% (+0.2f)', 'genuine pace', 'second run back']",20260930_085138
869fb740811829ac574d417d,2026-09-30T08:22:46+00:00,0.097698,0.294764,0.385488,2026-09-30,18:30,2026-09-30 18:30,Kempton,Unibet More Extra Place Races Handicap,Red Moon,11,17.0,23.48,28.45,8,8,7,8,8,8,8,8,8,8,0.044814,0.150581,0.227206,0.955186,0.046843,0.149016,0.232204,0.910888,0.044814,0.152146,0.217922,-0.0,-0.156,0.928,0.0,0.203,-0.313,1.428,-4.43,0.0,0.5,0.65,0.0,82.98,100.0,0.0647,7.27,7.87,0.6,0.956,1.0,0.757,-0.147,-0.361,0.0,1.0,False,0.0041,-1.61,NO BET,False,['no_dual_p4_raw_value'],,,4.0,"['SBG', 'B365']",,,,2026.09.05-p5.5-coherent-complete-fields,2026.09.05-place-evidence-v4-fresh-offers,2026-09-17,13,False,SHADOW_ONLY,"['trip 96% (+0.6f)', 'genuine pace']",20260930_085138
4f796b7dcc4940f190561251,2026-09-30T08:22:46+00:00,0.071604,0.244339,0.322904,2026-09-30,18:30,2026-09-30 18:30,Kempton,Unibet More Extra Place Races Handicap,Open To Offers,11,21.0,27.99,35.08,9,9,11,9,9,9,10,9,9,10,0.036278,0.106929,0.143596,0.963722,0.034383,0.089515,0.124415,0.919177,0.036278,0.124343,0.179219,-0.0,-1.741,-3.562,0.0,-0.19,-3.483,-5.48,-4.455,0.0,0.5,0.65,0.0,81.39,75.0,0.069,7.59,7.87,0.28,0.991,0.5,0.757,0.0,0.0,0.0,1.0,False,-0.0145,-1.61,NO BET,False,['no_dual_p4_raw_value'],,,4.0,"['SBG', 'B365']",,,,2026.09.05-p5.5-coherent-complete-fields,2026.09.05-place-evidence-v4-fresh-offers,2026-09-17,13,False,SHADOW_ONLY,"['trip 99% (+0.3f)', 'genuine pace']",20260930_085138
46247c233ad6ec836cf683b1,2026-09-30T08:22:46+00:00,0.064271,0.225013,0.298478,2026-09-30,18:30,2026-09-30 18:30,Kempton,Unibet More Extra Place Races Handicap,Beta Reader,11,23.0,28.88,34.89,10,10,10,10,10,10,9,10,10,9,0.033124,0.095419,0.139191,0.966876,0.028297,0.076914,0.125523,0.929626,0.033124,0.113924,0.164574,-0.0,-1.85,-2.538,0.0,-0.483,-3.701,-3.905,-3.725,0.0,0.5,0.65,0.0,82.32,100.0,0.052,9.29,7.87,-1.42,0.777,1.0,0.757,-0.097,0.071,0.34,0.66,False,-0.0115,-1.61,NO BET,False,['no_dual_p4_raw_value'],,,4.0,"['SBG', 'B365']",,,,2026.09.05-p5.5-coherent-complete-fields,2026.09.05-place-evidence-v4-fresh-offers,2026-09-17,13,False,SHADOW_ONLY,"['trip 78% (-1.4f)', 'genuine pace', 'last run compromised']",20260930_085138
4ce8aba3593889771ea37fb5,2026-09-30T08:22:46+00:00,0.030163,0.13114,0.176829,2026-09-30,18:30,2026-09-30 18:30,Kempton,Unibet More Extra Place Races Handicap,Exquisite Skye,11,41.0,34.94,33.11,11,11,9,11,11,11,11,11,11,11,0.018582,0.041745,0.069745,0.981418,0.014363,0.018595,0.056289,0.924884,0.018582,0.064896,0.094736,-0.0,-2.315,-2.499,0.0,-0.422,-4.63,-3.845,-5.653,0.0,0.5,0.65,0.0,82.75,100.0,0.069,8.76,7.87,-0.89,0.906,1.0,0.757,-0.024,0.217,0.0,1.0,True,-0.0102,-1.61,NO BET,False,['outside_validated_place_pocket'],,,4.0,"['SBG', 'B365']",14.0,1000.0,3.55,2026.09.05-p5.5-coherent-complete-fields,2026.09.05-place-evidence-v4-fresh-offers,2026-09-17,13,False,SHADOW_ONLY,"['trip 91% (-0.9f)', 'genuine pace', 'second run back']",20260930_085138
4228afd3f100fb4eb5af49a9,2026-09-30T08:22:46+00:00,0.593284,0.957717,0.982641,2026-09-30,19:00,2026-09-30 19:00,Kempton,Industry Leading In-Play Markets At Unibet Handicap,Venetian Lion,13,1.91,3.13,3.55,1,1,1,1,1,1,1,1,1,1,0.395093,0.791476,0.848643,0.604907,0.279276,0.769054,0.817074,0.471989,0.395093,0.813897,0.907272,0.0,-2.242,-5.863,-0.0,-11.582,-4.484,-9.02,-13.292,0.0,0.5,0.65,0.0,94.47,100.0,0.0647,8.17,7.87,-0.3,0.989,1.0,0.86,-0.057,-0.217,0.2,0.8,False,0.0142,-1.61,NO BET,False,['no_dual_p4_raw_value'],,,4.0,"['SBG', 'B365']",,,,2026.09.05-p5.5-coherent-complete-fields,2026.09.05-place-evidence-v4-fresh-offers,2026-09-17,13,False,SHADOW_ONLY,"['trip 99% (-0.3f)', 'genuine pace']",20260930_085138
37f56b2e575a4219577741bd,2026-09-30T08:22:46+00:00,0.260139,0.657759,0.763709,2026-09-30,19:00,2026-09-30 19:00,Kempton,Industry Leading In-Play Markets At Unibet Handicap,Silent City,13,6.5,16.67,31.67,2,4,10,2,3,3,3,3,3,3,0.116097,0.404182,0.543801,0.883903,0.15129,0.412943,0.5495,0.944911,0.116097,0.395421,0.533215,0.0,0.876,1.059,0.0,3.519,1.752,1.629,6.101,0.0,0.5,0.65,0.0,82.15,100.0,0.0859,8.37,7.87,-0.5,0.97,1.0,0.86,-0.103,-0.163,0.0,1.0,False,-0.0372,-1.61,NO BET,False,['no_dual_p4_raw_value'],,,4.0,"['SBG', 'B365']",,,,2026.09.05-p5.5-coherent-complete-fields,2026.09.05-place-evidence-v4-fresh-offers,2026-09-17,13,False,SHADOW_ONLY,"['trip 97% (-0.5f)', 'genuine pace']",20260930_085138
b6b061091416ace572082d68,2026-09-30T08:22:46+00:00,0.282084,0.657759,0.763709,2026-09-30,19:00,2026-09-30 19:00,Kempton,Industry Leading In-Play Markets At Unibet Handicap,Chalk Mountain,13,6.5,5.35,4.09,2,2,2,2,2,2,2,2,2,2,0.116097,0.448072,0.573736,0.883903,0.151479,0.500722,0.595555,0.919133,0.116097,0.395421,0.533215,0.0,5.265,4.052,0.0,3.538,10.53,6.234,3.523,0.0,0.5,0.65,0.0,85.4,100.0,0.0478,7.32,7.87,0.55,0.962,1.0,0.86,-0.092,-0.108,0.0,1.0,False,-0.005,-1.61,NO BET,False,['outside_validated_place_pocket'],,,4.0,"['SBG', 'B365']",7.0,9.6,12.17,2026.09.05-p5.5-coherent-complete-fields,2026.09.05-place-evidence-v4-fresh-offers,2026-09-17,13,False,SHADOW_ONLY,"['trip 96% (+0.6f)', 'genuine pace']",20260930_085138
6d8f0f89677e74dd9dd99fe8,2026-09-30T08:22:46+00:00,0.196097,0.537746,0.650075,2026-09-30,19:00,2026-09-30 19:00,Kempton,Industry Leading In-Play Markets At Unibet Handicap,Sea Founder,13,9.0,10.38,7.77,4,3,3,4,4,4,4,4,4,4,0.083848,0.308347,0.417637,0.916152,0.087215,0.317148,0.416935,0.935795,0.083848,0.299546,0.418941,0.0,0.88,-0.13,0.0,0.337,1.76,-0.201,1.964,0.0,0.5,0.65,0.0,84.25,100.0,0.0478,8.86,7.87,-0.99,0.891,1.0,0.86,-0.076,-0.289,0.0,1.0,False,-0.0136,-1.61,NO BET,False,['no_dual_p4_raw_value'],,,4.0,"['SBG', 'B365']",9.0,14.0,15.0,2026.09.05-p5.5-coherent-complete-fields,2026.09.05-place-evidence-v4-fresh-offers,2026-09-17,13,False,SHADOW_ONLY,"['trip 89% (-1.0f)', 'genuine pace']",20260930_085138
bf74587300da73792ed1349d,2026-09-30T08:22:46+00:00,0.133353,0.364493,0.463256,2026-09-30,19:00,2026-09-30 19:00,Kempton,Industry Leading In-Play Markets At Unibet Handicap,Elan D'or,13,15.0,17.33,14.77,5,5,4,5,6,6,6,6,6,6,0.050309,0.216397,0.327551,0.949691,0.071936,0.244996,0.357459,0.933248,0.050309,0.187798,0.272008,0.0,2.86,5.554,0.0,2.163,5.72,8.545,-1.644,0.0,0.5,0.65,0.0,83.31,100.0,0.0647,7.33,7.87,0.54,0.964,1.0,0.86,-0.151,0.25,0.0,1.0,False,0.0482,-1.61,NO BET,False,['no_dual_p4_raw_value'],,,4.0,"['SBG', 'B365']",6.6,250.0,13.79,2026.09.05-p5.5-coherent-complete-fields,2026.09.05-place-evidence-v4-fresh-offers,2026-09-17,13,False,SHADOW_ONLY,"['trip 96% (+0.5f)', 'genuine pace']",20260930_085138
f42a3743120a1b8c09a88de7,2026-09-30T08:22:46+00:00,0.13691,0.364493,0.463256,2026-09-30,19:00,2026-09-30 19:00,Kempton,Industry Leading In-Play Markets At Unibet Handicap,Gilet,13,15.0,21.8,29.26,5,6,7,5,5,5,5,5,5,5,0.050309,0.223511,0.335955,0.949691,0.076277,0.259224,0.370388,0.935454,0.050309,0.187798,0.272008,0.0,3.571,6.395,0.0,2.597,7.143,9.838,-1.424,0.0,0.5,0.65,0.0,84.25,100.0,0.0478,7.92,7.87,-0.05,1.0,1.0,0.86,-0.044,-0.108,0.0,1.0,True,-0.0145,-1.61,NO BET,False,['no_dual_p4_raw_value'],,,4.0,"['SBG', 'B365']",,,,2026.09.05-p5.5-coherent-complete-fields,2026.09.05-place-evidence-v4-fresh-offers,2026-09-17,13,False,SHADOW_ONLY,"['trip 100% (-0.1f)', 'genuine pace', 'second run back']",20260930_085138
20cedd51e4b02c9f551e7747,2026-09-30T08:22:46+00:00,0.102252,0.328148,0.420812,2026-09-30,19:00,2026-09-30 19:00,Kempton,Industry Leading In-Play Markets At Unibet Handicap,Shimmy Jimmy,13,17.0,29.16,46.37,7,10,12,7,7,7,7,7,7,7,0.04439,0.160114,0.241017,0.95561,0.039106,0.153324,0.239881,0.931377,0.04439,0.166904,0.243127,0.0,-0.679,-0.211,0.0,-0.528,-1.358,-0.325,-2.423,0.0,0.5,0.65,0.0,75.18,100.0,0.1707,,7.87,,,0.0,0.86,0.0,0.0,,,False,-0.0239,-1.61,NO BET,False,['no_dual_p4_raw_value'],,,4.0,"['SBG', 'B365']",,,,2026.09.05-p5.5-coherent-complete-fields,2026.09.05-place-evidence-v4-fresh-offers,2026-09-17,13,False,SHADOW_ONLY,['genuine pace'],20260930_085138
8e69ca5beca94a106b3cd342,2026-09-30T08:22:46+00:00,0.075515,0.251931,0.328601,2026-09-30,19:00,2026-09-30 19:00,Kempton,Industry Leading In-Play Markets At Unibet Handicap,Menzies,13,23.0,24.45,26.95,8,7,6,8,8,8,8,9,8,8,0.03281,0.118219,0.188379,0.96719,0.028713,0.111374,0.19066,0.924195,0.03281,0.125065,0.184143,0.0,-0.685,0.424,0.0,-0.41,-1.369,0.652,-4.299,0.0,0.5,0.65,0.0,83.08,87.5,0.069,8.15,7.87,-0.28,0.99,0.5,0.86,0.0,0.0,0.0,1.0,False,0.0158,-1.61,NO BET,False,['no_dual_p4_raw_value'],,,4.0,"['SBG', 'B365']",,,,2026.09.05-p5.5-coherent-complete-fields,2026.09.05-place-evidence-v4-fresh-offers,2026-09-17,13,False,SHADOW_ONLY,"['trip 99% (-0.3f)', 'genuine pace']",20260930_085138
3f1e85acbaae0bf4c386a54f,2026-09-30T08:22:46+00:00,0.058023,0.204125,0.268792,2026-09-30,19:00,2026-09-30 19:00,Kempton,Industry Leading In-Play Markets At Unibet Handicap,Loblolly,13,29.0,26.04,25.81,9,8,5,9,9,9,9,8,9,9,0.026022,0.090025,0.161225,0.973978,0.036756,0.080087,0.168307,0.925762,0.026022,0.099963,0.148073,0.0,-0.994,1.315,0.0,1.073,-1.988,2.023,-4.822,0.0,0.5,0.65,0.0,84.25,100.0,0.0478,7.97,7.87,-0.1,0.999,1.0,0.86,-0.141,0.331,0.0,1.0,False,-0.0232,-1.61,NO BET,False,['outside_validated_place_pocket'],,,4.0,"['SBG', 'B365']",,,,2026.09.05-p5.5-coherent-complete-fields,2026.09.05-place-evidence-v4-fresh-offers,2026-09-17,13,False,SHADOW_ONLY,"['trip 100% (-0.1f)', 'genuine pace']",20260930_085138
9ac836b71f9f2c1c4b884ea9,2026-09-30T08:22:46+00:00,0.055771,0.204125,0.268792,2026-09-30,19:00,2026-09-30 19:00,Kempton,Industry Leading In-Play Markets At Unibet Handicap,Studious,13,29.0,27.9,29.35,9,9,8,9,10,10,10,10,10,10,0.026022,0.08552,0.134336,0.973978,0.028044,0.071077,0.126939,0.927152,0.026022,0.099963,0.148073,0.0,-1.444,-1.374,0.0,0.202,-2.889,-2.113,-4.683,0.0,0.5,0.65,0.0,84.25,100.0,0.0478,8.05,7.87,-0.18,0.996,1.0,0.86,-0.091,0.25,0.0,1.0,True,-0.017,-1.61,NO BET,False,['no_dual_p4_raw_value'],,,4.0,"['SBG', 'B365']",14.0,600.0,12.44,2026.09.05-p5.5-coherent-complete-fields,2026.09.05-place-evidence-v4-fresh-offers,2026-09-17,13,False,SHADOW_ONLY,"['trip 100% (-0.2f)', 'genuine pace', 'second run back']",20260930_085138
95344c270151b3c8f3fec7fc,2026-09-30T08:22:46+00:00,0.039442,0.176167,0.233186,2026-09-30,19:00,2026-09-30 19:00,Kempton,Industry Leading In-Play Markets At Unibet Handicap,Kitaro Kich,13,34.0,39.31,50.17,11,13,13,11,11,11,12,12,12,12,0.022195,0.056689,0.087789,0.977805,0.01773,0.02775,0.066533,0.939111,0.022195,0.085629,0.127264,0.0,-2.894,-3.947,0.0,-0.446,-5.788,-6.073,-3.869,0.0,0.5,0.65,0.0,84.25,100.0,0.0478,7.79,7.87,0.08,0.999,1.0,0.86,-0.076,-0.289,0.22,0.78,False,0.0434,-1.61,NO BET,False,['no_dual_p4_raw_value'],,,4.0,"['SBG', 'B365']",,,,2026.09.05-p5.5-coherent-complete-fields,2026.09.05-place-evidence-v4-fresh-offers,2026-09-17,13,False,SHADOW_ONLY,"['trip 100% (+0.1f)', 'genuine pace']",20260930_085138
13799db13cbd4e42ac74ed49,2026-09-30T08:22:46+00:00,0.032481,0.147768,0.196585,2026-09-30,19:00,2026-09-30 19:00,Kempton,Industry Leading In-Play Markets At Unibet Handicap,Zoffandia,13,41.0,35.86,36.9,12,12,11,12,13,13,13,13,13,13,0.018406,0.046557,0.059229,0.981594,0.012692,0.021817,0.033866,0.941387,0.018406,0.071298,0.106331,0.0,-2.474,-4.71,0.0,-0.571,-4.948,-7.246,-4.021,0.0,0.5,0.65,0.0,84.25,100.0,0.0478,8.2,7.87,-0.33,0.986,1.0,0.86,-0.076,-0.289,0.0,1.0,True,0.0175,-1.61,NO BET,False,['outside_validated_place_pocket'],,,4.0,"['SBG', 'B365']",14.0,600.0,12.56,2026.09.05-p5.5-coherent-complete-fields,2026.09.05-place-evidence-v4-fresh-offers,2026-09-17,13,False,SHADOW_ONLY,"['trip 99% (-0.3f)', 'genuine pace', 'second run back']",20260930_085138
04e720c703cf8ca9ccd43408,2026-09-30T08:22:46+00:00,0.034648,0.147768,0.196585,2026-09-30,19:00,2026-09-30 19:00,Kempton,Industry Leading In-Play Markets At Unibet Handicap,Atlas Mountain,13,41.0,32.08,29.95,12,11,9,12,12,12,11,11,11,11,0.018406,0.05089,0.080702,0.981594,0.019487,0.030483,0.066902,0.930186,0.018406,0.071298,0.106331,0.0,-2.041,-2.563,0.0,0.108,-4.081,-3.943,-5.141,0.0,0.5,0.65,0.0,84.47,100.0,0.0647,8.31,7.87,-0.44,0.976,0.833,0.86,-0.088,0.0,0.0,1.0,False,-0.0028,-1.61,NO BET,False,['outside_validated_place_pocket'],,,4.0,"['SBG', 'B365']",11.0,600.0,13.58,2026.09.05-p5.5-coherent-complete-fields,2026.09.05-place-evidence-v4-fresh-offers,2026-09-17,13,False,SHADOW_ONLY,"['trip 98% (-0.4f)', 'genuine pace']",20260930_085138
025bd06dcb6db0b53a68f556,2026-09-30T08:22:46+00:00,0.562305,0.988776,1.0,2026-09-30,19:30,2026-09-30 19:30,Kempton,ebfstallions.com Conditions Stakes (GBB Race),Kind Of Blue,6,2.62,6.27,14.24,1,3,4,1,1,1,1,1,1,1,0.33185,0.792761,0.932955,0.66815,0.319089,0.770104,0.930999,0.735766,0.33185,0.815418,0.936588,-0.0,-2.266,-0.363,0.0,-1.276,-4.531,-0.559,6.762,0.0,0.5,0.65,0.0,79.87,100.0,0.0817,6.07,5.87,-0.2,0.995,1.0,1.071,0.043,0.0,0.0,1.0,True,-0.0215,-2.18,NO BET,False,"['no_genuine_four_place_terms', 'no_dual_p4_raw_value']",,,0.0,[],,,,2026.09.05-p5.5-coherent-complete-fields,2026.09.05-place-evidence-v4-fresh-offers,2026-09-17,13,False,SHADOW_ONLY,"['trip 100% (-0.2f)', 'genuine pace', 'second run back']",20260930_085138
99a7c8e514e7c278d6a77e46,2026-09-30T08:22:46+00:00,0.528493,0.985467,1.0,2026-09-30,19:30,2026-09-30 19:30,Kempton,ebfstallions.com Conditions Stakes (GBB Race),Wise Approach,6,2.88,5.3,7.5,2,2,3,2,2,2,2,2,2,2,0.301891,0.755096,0.880412,0.698109,0.262093,0.721813,0.85742,0.741486,0.301891,0.788378,0.923112,-0.0,-3.328,-4.27,0.0,-3.98,-6.656,-6.569,4.338,0.0,0.5,0.65,0.0,82.37,100.0,0.0817,5.92,5.87,-0.05,1.0,1.0,1.071,0.018,-0.163,0.0,1.0,False,0.0148,-2.18,NO BET,False,"['no_genuine_four_place_terms', 'no_dual_p4_raw_value']",,,0.0,[],3.0,4.6,39.62,2026.09.05-p5.5-coherent-complete-fields,2026.09.05-place-evidence-v4-fresh-offers,2026-09-17,13,False,SHADOW_ONLY,"['trip 100% (-0.1f)', 'genuine pace']",20260930_085138
27fb621956872faf96b959ac,2026-09-30T08:22:46+00:00,0.328906,0.921369,1.0,2026-09-30,19:30,2026-09-30 19:30,Kempton,ebfstallions.com Conditions Stakes (GBB Race),Montassib,6,6.0,10.49,27.06,3,5,5,3,3,3,3,3,3,3,0.144908,0.512904,0.704428,0.855092,0.159567,0.502538,0.684038,0.871532,0.144908,0.523269,0.742297,-0.0,-1.037,-3.787,0.0,1.466,-2.073,-5.826,1.644,0.0,0.5,0.65,0.0,77.37,100.0,0.0817,5.91,5.87,-0.04,1.0,0.833,1.071,0.021,-0.13,0.0,1.0,False,0.0116,-2.18,NO BET,False,"['no_genuine_four_place_terms', 'no_dual_p4_raw_value']",,,0.0,[],,,,2026.09.05-p5.5-coherent-complete-fields,2026.09.05-place-evidence-v4-fresh-offers,2026-09-17,13,False,SHADOW_ONLY,"['trip 100% (-0.0f)', 'genuine pace']",20260930_085138
8490699d686b490bb3cbcee2,2026-09-30T08:22:46+00:00,0.23171,0.838611,1.0,2026-09-30,19:30,2026-09-30 19:30,Kempton,ebfstallions.com Conditions Stakes (GBB Race),Spy Chief,6,9.0,12.91,41.04,4,6,6,4,4,4,4,5,5,4,0.096605,0.366814,0.582648,0.903395,0.104515,0.359241,0.579963,0.902723,0.096605,0.374387,0.587633,-0.0,-0.757,-0.499,0.0,0.791,-1.515,-0.767,-0.067,0.0,0.5,0.65,0.0,78.3,100.0,0.0647,6.54,5.87,-0.67,0.946,1.0,1.071,0.158,0.4,0.16,0.84,True,-0.0406,-2.18,NO BET,False,"['no_genuine_four_place_terms', 'no_dual_p4_raw_value']",,,0.0,[],,,,2026.09.05-p5.5-coherent-complete-fields,2026.09.05-place-evidence-v4-fresh-offers,2026-09-17,13,False,SHADOW_ONLY,"['trip 95% (-0.7f)', 'genuine pace', 'second run back']",20260930_085138
bee840d099b60fc3ea6c521f,2026-09-30T08:22:46+00:00,0.22597,0.809591,1.0,2026-09-30,19:30,2026-09-30 19:30,Kempton,ebfstallions.com Conditions Stakes (GBB Race),Mitbaahy,6,10.0,2.61,2.08,5,1,1,5,5,5,5,4,4,5,0.086945,0.364996,0.54734,0.913055,0.11373,0.388735,0.549194,0.859939,0.086945,0.341257,0.543897,-0.0,2.374,0.344,0.0,2.678,4.748,0.53,-5.312,0.0,0.5,0.65,0.0,79.64,100.0,0.0859,6.02,5.87,-0.15,0.997,0.667,1.071,0.018,-0.163,0.0,1.0,False,-0.0251,-2.18,NO BET,False,['no_genuine_four_place_terms'],,,0.0,[],7.0,230.0,10.76,2026.09.05-p5.5-coherent-complete-fields,2026.09.05-place-evidence-v4-fresh-offers,2026-09-17,13,False,SHADOW_ONLY,"['trip 100% (-0.1f)', 'genuine pace']",20260930_085138
6c60bcb937831cdd29535f5b,2026-09-30T08:22:46+00:00,0.122616,0.456186,1.0,2026-09-30,19:30,2026-09-30 19:30,Kempton,ebfstallions.com Conditions Stakes (GBB Race),Heathcliff,6,23.0,10.43,3.95,6,4,2,6,6,6,6,6,6,6,0.037802,0.20743,0.352217,0.962198,0.041006,0.257568,0.398386,0.879448,0.037802,0.157291,0.266473,-0.0,5.014,8.574,0.0,0.32,10.028,13.191,-8.275,0.0,0.5,0.65,0.0,78.07,100.0,0.069,6.45,5.87,-0.58,0.959,1.0,1.071,0.0,0.0,0.0,1.0,False,0.0018,-2.18,NO BET,False,['no_genuine_four_place_terms'],,,0.0,[],18.0,27.0,16.22,2026.09.05-p5.5-coherent-complete-fields,2026.09.05-place-evidence-v4-fresh-offers,2026-09-17,13,False,SHADOW_ONLY,"['trip 96% (-0.6f)', 'genuine pace']",20260930_085138
64bdb9dc4de0f03dfd69ae43,2026-09-30T08:22:46+00:00,0.424724,0.867698,0.938554,2026-09-30,20:00,2026-09-30 20:00,Kempton,Try Unibet's New Improved Acca Boosts Handicap,Cape Fear,10,3.5,7.06,10.83,1,4,4,1,1,1,1,1,1,1,0.235956,0.613493,0.726073,0.764044,0.209767,0.607371,0.70694,0.844615,0.235956,0.619615,0.761604,0.0,-0.612,-3.553,0.0,-2.619,-1.224,-5.466,8.057,0.0,0.5,0.65,0.0,80.29,100.0,0.0817,10.62,10.85,0.23,0.994,1.0,0.925,-0.047,0.058,0.0,1.0,False,0.0248,-1.32,NO BET,False,"['no_genuine_four_place_terms', 'no_dual_p4_raw_value']",,,0.0,[],,,,2026.09.05-p5.5-coherent-complete-fields,2026.09.05-place-evidence-v4-fresh-offers,2026-09-17,13,False,SHADOW_ONLY,"['trip 99% (+0.2f)', 'genuine pace']",20260930_085138
98598ab9bba4fbfec0315e7b,2026-09-30T08:22:46+00:00,0.360769,0.800287,0.895563,2026-09-30,20:00,2026-09-30 20:00,Kempton,Try Unibet's New Improved Acca Boosts Handicap,Tiernan,10,4.5,4.87,4.66,2,1,2,2,2,2,2,2,2,2,0.183521,0.538016,0.685142,0.816479,0.193043,0.549808,0.690525,0.907167,0.183521,0.526225,0.675144,0.0,1.179,1.0,0.0,0.952,2.358,1.538,9.069,0.0,0.5,0.65,0.0,84.23,100.0,0.0647,10.82,10.85,0.03,1.0,1.0,0.925,-0.069,-0.1,0.0,1.0,False,0.0142,-1.32,NO BET,False,"['no_genuine_four_place_terms', 'no_dual_p4_raw_value']",,,0.0,[],6.2,7.8,33.31,2026.09.05-p5.5-coherent-complete-fields,2026.09.05-place-evidence-v4-fresh-offers,2026-09-17,13,False,SHADOW_ONLY,"['trip 100% (+0.0f)', 'genuine pace']",20260930_085138
8a52cc09c4230031f21eab59,2026-09-30T08:22:46+00:00,0.359706,0.800287,0.895563,2026-09-30,20:00,2026-09-30 20:00,Kempton,Try Unibet's New Improved Acca Boosts Handicap,Interstate,10,4.5,6.5,7.84,2,3,3,2,3,3,3,3,3,3,0.183521,0.535891,0.662162,0.816479,0.180109,0.545556,0.655172,0.897891,0.183521,0.526225,0.675144,0.0,0.967,-1.298,0.0,-0.341,1.933,-1.997,8.141,0.0,0.5,0.65,0.0,83.92,100.0,0.052,9.51,10.85,1.34,0.798,1.0,0.925,-0.035,0.108,0.0,1.0,False,-0.0406,-1.32,NO BET,False,"['no_genuine_four_place_terms', 'no_dual_p4_raw_value']",,,0.0,[],,,,2026.09.05-p5.5-coherent-complete-fields,2026.09.05-place-evidence-v4-fresh-offers,2026-09-17,13,False,SHADOW_ONLY,"['trip 80% (+1.3f)', 'genuine pace']",20260930_085138
390a6a780e5db4dfdb393b4c,2026-09-30T08:22:46+00:00,0.221391,0.598575,0.735056,2026-09-30,20:00,2026-09-30 20:00,Kempton,Try Unibet's New Improved Acca Boosts Handicap,Rastnet,10,8.0,11.24,14.37,4,6,6,4,4,4,4,4,4,4,0.103231,0.339551,0.470249,0.896769,0.110344,0.345647,0.474523,0.914465,0.103231,0.333455,0.462311,0.0,0.61,0.794,0.0,0.711,1.219,1.221,1.77,0.0,0.5,0.65,0.0,81.16,100.0,0.0478,9.88,10.85,0.97,0.888,1.0,0.925,-0.058,0.165,0.0,1.0,False,0.0979,-1.32,NO BET,False,"['no_genuine_four_place_terms', 'no_dual_p4_raw_value']",,,0.0,[],,,,2026.09.05-p5.5-coherent-complete-fields,2026.09.05-place-evidence-v4-fresh-offers,2026-09-17,13,False,SHADOW_ONLY,"['trip 89% (+1.0f)', 'genuine pace']",20260930_085138
9e96e12f0fcd853041b722f8,2026-09-30T08:22:46+00:00,0.192554,0.55385,0.693077,2026-09-30,20:00,2026-09-30 20:00,Kempton,Try Unibet's New Improved Acca Boosts Handicap,Tambora,10,9.0,10.7,12.08,5,5,5,5,5,5,5,5,5,5,0.091761,0.293348,0.412072,0.908239,0.090544,0.285797,0.406936,0.875816,0.091761,0.3009,0.42161,0.0,-0.755,-0.954,0.0,-0.122,-1.51,-1.467,-3.242,0.0,0.5,0.65,0.0,82.06,100.0,0.0859,9.19,10.85,1.66,0.708,0.833,0.925,-0.038,0.275,0.0,1.0,False,0.0299,-1.32,NO BET,False,"['no_genuine_four_place_terms', 'no_dual_p4_raw_value']",,,0.0,[],,,,2026.09.05-p5.5-coherent-complete-fields,2026.09.05-place-evidence-v4-fresh-offers,2026-09-17,13,False,SHADOW_ONLY,"['trip 71% (+1.7f)', 'genuine pace']",20260930_085138
16bbfa3134ef3009366c26b1,2026-09-30T08:22:46+00:00,0.158426,0.448349,0.583969,2026-09-30,20:00,2026-09-30 20:00,Kempton,Try Unibet's New Improved Acca Boosts Handicap,Forever Penywern,10,12.0,6.16,3.66,6,2,1,6,6,6,6,6,6,6,0.06882,0.248031,0.357202,0.93118,0.079206,0.263822,0.370771,0.889832,0.06882,0.232241,0.332002,0.0,1.579,2.52,0.0,1.039,3.158,3.877,-4.135,0.0,0.5,0.65,0.0,83.16,100.0,0.0478,12.82,10.85,-1.97,0.905,1.0,0.925,-0.05,0.093,0.0,1.0,False,-0.0265,-1.32,NO BET,False,['no_genuine_four_place_terms'],,ELO E/W,0.0,[],7.0,9.0,10.0,2026.09.05-p5.5-coherent-complete-fields,2026.09.05-place-evidence-v4-fresh-offers,2026-09-17,13,False,SHADOW_ONLY,"['trip 90% (-2.0f)', 'genuine pace']",20260930_085138
9354d614e2cd8e408ad3e6fa,2026-09-30T08:22:46+00:00,0.140084,0.42087,0.553106,2026-09-30,20:00,2026-09-30 20:00,Kempton,Try Unibet's New Improved Acca Boosts Handicap,Time Thief,10,13.0,14.34,16.08,7,7,7,7,7,7,7,7,7,7,0.063527,0.216641,0.318224,0.936473,0.071814,0.217538,0.322771,0.888693,0.063527,0.215744,0.30978,0.0,0.09,0.844,0.0,0.829,0.179,1.299,-4.778,0.0,0.5,0.65,0.0,81.36,62.5,0.0986,10.44,10.85,0.41,0.979,0.333,0.925,0.0,0.0,0.0,1.0,False,0.0438,-1.32,NO BET,False,['low_data_coverage'],,,0.0,[],,,,2026.09.05-p5.5-coherent-complete-fields,2026.09.05-place-evidence-v4-fresh-offers,2026-09-17,13,False,SHADOW_ONLY,"['trip 98% (+0.4f)', 'genuine pace']",20260930_085138
4bac23505041bf9fd5502a31,2026-09-30T08:22:46+00:00,0.085936,0.280154,0.382266,2026-09-30,20:00,2026-09-30 20:00,Kempton,Try Unibet's New Improved Acca Boosts Handicap,Fantasy Believer,10,21.0,29.8,46.15,8,8,9,8,8,8,8,8,8,8,0.039326,0.132546,0.212534,0.960674,0.038905,0.127759,0.218754,0.92491,0.039326,0.137334,0.200983,0.0,-0.479,1.155,0.0,-0.042,-0.957,1.777,-3.576,0.0,0.5,0.65,0.0,82.99,100.0,0.069,10.71,10.85,0.14,0.998,1.0,0.925,-0.041,-0.289,0.0,1.0,False,-0.009,-1.32,NO BET,False,"['no_genuine_four_place_terms', 'no_dual_p4_raw_value']",,,0.0,[],,,,2026.09.05-p5.5-coherent-complete-fields,2026.09.05-place-evidence-v4-fresh-offers,2026-09-17,13,False,SHADOW_ONLY,"['trip 100% (+0.1f)', 'genuine pace']",20260930_085138
5f1ca4de4f5100840fd799be,2026-09-30T08:22:46+00:00,0.039358,0.151249,0.21167,2026-09-30,20:00,2026-09-30 20:00,Kempton,Try Unibet's New Improved Acca Boosts Handicap,Deedaydiva,10,41.0,40.51,51.54,9,10,10,9,9,9,9,9,9,9,0.020143,0.058574,0.099447,0.979857,0.018061,0.045326,0.095609,0.92981,0.020143,0.071823,0.106575,0.0,-1.325,-0.713,0.0,-0.208,-2.65,-1.097,-5.005,0.0,0.5,0.65,0.0,81.49,100.0,0.069,7.83,10.85,3.02,0.321,0.833,0.925,-0.03,-0.217,0.0,1.0,True,-0.0028,-1.32,NO BET,False,"['no_genuine_four_place_terms', 'no_dual_p4_raw_value']",,,0.0,[],14.0,600.0,13.94,2026.09.05-p5.5-coherent-complete-fields,2026.09.05-place-evidence-v4-fresh-offers,2026-09-17,13,False,SHADOW_ONLY,"['trip 32% (+3.0f)', 'genuine pace', 'second run back']",20260930_085138
5d737bb6b56a1fc5fdd2d653,2026-09-30T08:22:46+00:00,0.017052,0.078681,0.111175,2026-09-30,20:00,2026-09-30 20:00,Kempton,Try Unibet's New Improved Acca Boosts Handicap,Nicator,10,81.0,37.59,26.95,10,9,8,10,10,10,10,10,10,10,0.010196,0.023908,0.056897,0.989804,0.008206,0.011378,0.058001,0.908613,0.010196,0.036438,0.054847,0.0,-1.253,0.205,0.0,-0.199,-2.506,0.315,-8.119,0.0,0.5,0.65,0.0,81.49,100.0,0.069,9.08,10.85,1.77,0.675,1.0,0.925,-0.019,-0.163,0.0,1.0,False,0.0722,-1.32,NO BET,False,['no_genuine_four_place_terms'],,,0.0,[],12.0,600.0,15.17,2026.09.05-p5.5-coherent-complete-fields,2026.09.05-place-evidence-v4-fresh-offers,2026-09-17,13,False,SHADOW_ONLY,"['trip 68% (+1.8f)', 'genuine pace']",20260930_085138
5be14667a45c7f64b5c5f8f1,2026-09-30T08:22:46+00:00,0.357851,0.783739,0.868996,2026-09-30,20:30,2026-09-30 20:30,Kempton,Get Best Odds Guaranteed At Unibet Handicap,Big Bard,11,3.75,11.09,20.0,1,6,7,1,1,1,1,1,1,1,0.202754,0.512949,0.635316,0.797246,0.151256,0.485329,0.614364,0.923688,0.202754,0.54057,0.674226,0.0,-2.762,-3.891,0.0,-5.15,-5.524,-5.986,12.644,0.0,0.5,0.65,0.0,79.19,100.0,0.0478,6.03,5.87,-0.16,0.997,1.0,0.687,-0.171,-0.289,0.0,1.0,True,0.0165,-2.18,NO BET,False,['no_dual_p4_raw_value'],,,4.0,"['SBG', 'B365']",2.42,2.96,11.0,2026.09.05-p5.5-coherent-complete-fields,2026.09.05-place-evidence-v4-fresh-offers,2026-09-17,13,False,SHADOW_ONLY,"['trip 100% (-0.2f)', 'steady pace', 'second run back']",20260930_085138
7b5f781517faf9191e2e89c0,2026-09-30T08:22:46+00:00,0.288796,0.686321,0.789287,2026-09-30,20:30,2026-09-30 20:30,Kempton,Get Best Odds Guaranteed At Unibet Handicap,May Encounter,11,5.0,12.87,22.23,2,8,8,2,2,3,4,3,2,3,0.152065,0.425528,0.507922,0.847935,0.123136,0.412754,0.475394,0.937313,0.152065,0.438301,0.568332,0.0,-1.277,-6.041,0.0,-2.893,-2.555,-9.294,8.938,0.0,0.5,0.65,0.0,77.12,100.0,0.0647,6.06,5.87,-0.2,0.995,1.0,0.687,-0.128,-0.217,0.22,0.78,False,-0.011,-2.18,NO BET,False,['no_dual_p4_raw_value'],,,4.0,"['SBG', 'B365']",,,,2026.09.05-p5.5-coherent-complete-fields,2026.09.05-place-evidence-v4-fresh-offers,2026-09-17,13,False,SHADOW_ONLY,"['trip 100% (-0.2f)', 'steady pace']",20260930_085138
b29dad46c081ca30b9ab29bd,2026-09-30T08:22:46+00:00,0.272347,0.651554,0.758553,2026-09-30,20:30,2026-09-30 20:30,Kempton,Get Best Odds Guaranteed At Unibet Handicap,Respectable Jack,11,5.5,9.67,12.87,3,5,5,3,3,2,2,2,3,2,0.138241,0.406454,0.518794,0.861759,0.138215,0.406365,0.511067,0.924152,0.138241,0.406542,0.533145,0.0,-0.009,-1.435,0.0,-0.003,-0.018,-2.208,6.239,0.0,0.5,0.65,0.0,79.42,100.0,0.0478,6.17,5.87,-0.3,0.989,1.0,0.687,-0.13,-0.186,0.0,1.0,False,-0.0401,-2.18,NO BET,False,['no_dual_p4_raw_value'],,,4.0,"['SBG', 'B365']",,,,2026.09.05-p5.5-coherent-complete-fields,2026.09.05-place-evidence-v4-fresh-offers,2026-09-17,13,False,SHADOW_ONLY,"['trip 99% (-0.3f)', 'steady pace']",20260930_085138
737fb91f332b9ce8307306c6,2026-09-30T08:22:46+00:00,0.226746,0.561642,0.673706,2026-09-30,20:30,2026-09-30 20:30,Kempton,Get Best Odds Guaranteed At Unibet Handicap,Rovinia,11,7.0,4.69,3.35,4,1,1,4,4,4,3,4,4,4,0.108618,0.344875,0.458773,0.891382,0.11889,0.356968,0.464999,0.923644,0.108618,0.332782,0.44721,0.0,1.209,1.156,0.0,1.027,2.419,1.779,3.226,0.0,0.5,0.65,0.0,88.28,100.0,0.0478,6.95,5.87,-1.08,0.864,1.0,0.687,-0.153,-0.2,0.0,1.0,False,0.0841,-2.18,NO BET,False,['outside_validated_place_pocket'],,,4.0,"['SBG', 'B365']",7.2,240.0,11.55,2026.09.05-p5.5-coherent-complete-fields,2026.09.05-place-evidence-v4-fresh-offers,2026-09-17,13,False,SHADOW_ONLY,"['trip 86% (-1.1f)', 'steady pace']",20260930_085138
107d8847e0b0c2f22ea92c9c,2026-09-30T08:22:46+00:00,0.195753,0.49046,0.601116,2026-09-30,20:30,2026-09-30 20:30,Kempton,Get Best Odds Guaranteed At Unibet Handicap,Beelzebub,11,8.5,11.87,14.51,5,7,6,5,6,6,6,6,6,6,0.08945,0.302057,0.422818,0.91055,0.102316,0.323138,0.444,0.89489,0.08945,0.280976,0.38348,0.0,2.108,3.934,0.0,1.287,4.216,6.052,-1.566,0.0,0.5,0.65,0.0,82.14,100.0,0.0478,6.19,5.87,-0.33,0.987,1.0,0.687,-0.178,-0.271,0.22,0.78,False,0.0236,-2.18,NO BET,False,['no_dual_p4_raw_value'],,,4.0,"['SBG', 'B365']",,,,2026.09.05-p5.5-coherent-complete-fields,2026.09.05-place-evidence-v4-fresh-offers,2026-09-17,13,False,SHADOW_ONLY,"['trip 99% (-0.3f)', 'steady pace']",20260930_085138
ea80905c2b119120cd7da0cd,2026-09-30T08:22:46+00:00,0.199379,0.49046,0.601116,2026-09-30,20:30,2026-09-30 20:30,Kempton,Get Best Odds Guaranteed At Unibet Handicap,Big Time Rascal,11,8.5,9.05,9.13,5,4,4,5,5,5,5,5,5,5,0.08945,0.309307,0.430403,0.91055,0.107727,0.337639,0.455669,0.895104,0.08945,0.280976,0.38348,0.0,2.833,4.692,0.0,1.828,5.666,7.219,-1.545,0.0,0.5,0.65,0.0,81.21,100.0,0.0647,5.89,5.87,-0.02,1.0,1.0,0.687,-0.117,-0.072,0.22,0.78,False,0.0012,-2.18,NO BET,False,['no_dual_p4_raw_value'],,,4.0,"['SBG', 'B365']",11.0,590.0,10.38,2026.09.05-p5.5-coherent-complete-fields,2026.09.05-place-evidence-v4-fresh-offers,2026-09-17,13,False,SHADOW_ONLY,"['trip 100% (-0.0f)', 'steady pace']",20260930_085138
c5a3be6b5555674c3f53f8d7,2026-09-30T08:22:46+00:00,0.152265,0.402402,0.504915,2026-09-30,20:30,2026-09-30 20:30,Kempton,Get Best Odds Guaranteed At Unibet Handicap,Southbank,11,11.0,8.89,7.74,7,3,3,7,7,7,7,7,7,7,0.069121,0.235409,0.339866,0.930879,0.077436,0.24818,0.356648,0.905372,0.069121,0.222639,0.3087,0.0,1.277,3.117,0.0,0.832,2.554,4.795,-2.551,0.0,0.5,0.65,0.0,78.05,100.0,0.0478,5.9,5.87,-0.03,1.0,1.0,0.687,-0.165,-0.236,0.0,1.0,True,0.0639,-2.18,NO BET,False,['outside_validated_place_pocket'],,,4.0,"['SBG', 'B365']",8.0,16.5,12.0,2026.09.05-p5.5-coherent-complete-fields,2026.09.05-place-evidence-v4-fresh-offers,2026-09-17,13,False,SHADOW_ONLY,"['trip 100% (-0.0f)', 'steady pace', 'second run back']",20260930_085138
32ff6ce0c2f9ce0793d7ea94,2026-09-30T08:22:46+00:00,0.13091,0.350931,0.44569,2026-09-30,20:30,2026-09-30 20:30,Kempton,Get Best Odds Guaranteed At Unibet Handicap,Vitalline,11,13.0,8.28,6.29,8,2,2,8,8,8,8,8,8,8,0.058487,0.203333,0.288266,0.941513,0.069918,0.21589,0.299915,0.905375,0.058487,0.190776,0.266632,0.0,1.256,2.163,0.0,1.143,2.511,3.328,-3.614,0.0,0.5,0.65,0.0,75.33,100.0,0.0478,6.58,5.87,-0.71,0.938,1.0,0.687,-0.201,-0.265,0.0,1.0,False,0.0202,-2.18,NO BET,False,['outside_validated_place_pocket'],,Each Way,4.0,"['SBG', 'B365']",5.0,240.0,11.46,2026.09.05-p5.5-coherent-complete-fields,2026.09.05-place-evidence-v4-fresh-offers,2026-09-17,13,False,SHADOW_ONLY,"['trip 94% (-0.7f)', 'steady pace']",20260930_085138
74d050078851deed7790e033,2026-09-30T08:22:46+00:00,0.100251,0.310775,0.398122,2026-09-30,20:30,2026-09-30 20:30,Kempton,Get Best Odds Guaranteed At Unibet Handicap,King Cherry,11,15.0,28.01,42.24,9,9,9,9,9,9,9,9,9,9,0.050688,0.149813,0.220755,0.949312,0.060994,0.132791,0.213353,0.914702,0.050688,0.166836,0.234501,0.0,-1.702,-1.375,0.0,1.031,-3.405,-2.115,-3.461,0.0,0.5,0.65,0.0,83.51,100.0,0.0478,6.75,5.87,-0.89,0.907,1.0,0.687,0.092,0.4,0.0,1.0,False,0.0008,-2.18,NO BET,False,['no_dual_p4_raw_value'],,,4.0,"['SBG', 'B365']",,,,2026.09.05-p5.5-coherent-complete-fields,2026.09.05-place-evidence-v4-fresh-offers,2026-09-17,13,False,SHADOW_ONLY,"['trip 91% (-0.9f)', 'steady pace']",20260930_085138
65b65735995330ba1c6b8662,2026-09-30T08:22:46+00:00,0.051535,0.171452,0.225314,2026-09-30,20:30,2026-09-30 20:30,Kempton,Get Best Odds Guaranteed At Unibet Handicap,Ten Club,11,29.0,35.04,50.5,10,10,10,10,10,10,10,10,10,10,0.026218,0.076852,0.115283,0.973782,0.034748,0.06504,0.109108,0.930594,0.026218,0.088665,0.126752,0.0,-1.181,-1.147,0.0,0.853,-2.362,-1.764,-4.319,0.0,0.5,0.65,0.0,83.51,100.0,0.0478,6.55,5.87,-0.68,0.944,1.0,0.687,-0.166,-0.2,0.0,1.0,False,-0.0029,-2.18,NO BET,False,['no_dual_p4_raw_value'],,,4.0,"['SBG', 'B365']",14.0,600.0,19.01,2026.09.05-p5.5-coherent-complete-fields,2026.09.05-place-evidence-v4-fresh-offers,2026-09-17,13,False,SHADOW_ONLY,"['trip 94% (-0.7f)', 'steady pace']",20260930_085138
c32824589de4c4ee267810b5,2026-09-30T08:22:46+00:00,0.024165,0.100263,0.133185,2026-09-30,20:30,2026-09-30 20:30,Kempton,Get Best Odds Guaranteed At Unibet Handicap,My Dad Tom,11,51.0,43.49,54.49,11,11,11,11,11,11,11,11,11,11,0.014908,0.033422,0.061804,0.985092,0.015364,0.015906,0.055484,0.934872,0.014908,0.050939,0.073541,0.0,-1.752,-1.174,0.0,0.046,-3.503,-1.806,-5.022,0.0,0.5,0.65,0.0,83.04,100.0,0.0562,6.34,5.87,-0.47,0.973,1.0,0.687,-0.108,0.0,0.0,1.0,True,0.0035,-2.18,NO BET,False,['no_dual_p4_raw_value'],,,4.0,"['SBG', 'B365']",14.0,600.0,14.0,2026.09.05-p5.5-coherent-complete-fields,2026.09.05-place-evidence-v4-fresh-offers,2026-09-17,13,False,SHADOW_ONLY,"['trip 97% (-0.5f)', 'steady pace', 'second run back']",20260930_085138
